Latitude,Longitude,Borough,Job Type,Permit Type,Job Number,BIN Number,Permit Number,Job Type,Cost Estimate,Enlargement Flag (Yes/No),Square Footage,Permit Issuance Date,Permit Expiration Date,Job Location House Number,Job Location Street Name,Community Board,Applicant Business Name,Proposed Occupancy Class.,Proposed Stories,Proposed Dwelling Units,Building Type Description,Occupancy Type,DHCR Flag,HPD Multiple Dwelling Registration ID,Affordable Housing Flag,Data Source
40.75323,-74.00499,Manhattan,NB,1. NB,121188918,1012272,12118891801NB02,NB,1.39255264E8,No,940914,2/28/2020,2/27/2021,601,WEST 29TH STREET,104,J.E. LEVINE BUILDER INC,RESIDENTIAL: APARTMENT HOUSES,59,931,Other Building Type,Residential,,,Y,BIS
40.75629,-73.98488,Manhattan,A1,2. A1,122221381,1022613,12222138101AL04,A1,655000.0,No,,10/7/2019,9/1/2020,127,WEST 43 STREET,105,ERIN CONSTRUCTION & DEVEL,RESIDENTIAL: HOTELS; DORMITORIES,12,281,Other Building Type,Residential,Y,128838,Y,BIS
40.77875,-73.98271,Manhattan,NB,1. NB,121204516,1030422,12120451601NB02,NB,5624888.0,No,38006,3/27/2020,3/25/2021,214,WEST 72ND STREET,107,CM AND ASSOCIATES CONSTRU,RESIDENTIAL: APARTMENT HOUSES,21,19,Other Building Type,Residential,,111114,Y,BIS
40.75756,-73.9677,Manhattan,NB,1. NB,121190111,1038564,12119011101NB05,NB,1.5689332E7,No,106009,10/4/2019,7/6/2020,232,EAST 54TH STREET,106,HUDSON 37 LLC,RESIDENTIAL: APARTMENT HOUSES,37,130,Other Building Type,Residential,,115225,Y,BIS
40.76833,-73.95226,Manhattan,NB,1. NB,122760654,1046294,12276065401NB02,NB,3372328.0,No,22786,2/4/2020,4/1/2020,1402,YORK AVENUE,108,ZDG; LLC,RESIDENTIAL: APARTMENT HOUSES,11,11,Other Building Type,Residential,,,Y,BIS
40.77599,-73.94647,Manhattan,NB,1. NB,123062078,1051260,12306207801NB04,NB,2.0731544E7,No,140078,12/26/2019,10/13/2020,511,EAST 86TH STREET,108,K S K CONSTRUCTION GROUP,RESIDENTIAL: APARTMENT HOUSES,22,140,Other Building Type,Residential,,117132,Y,BIS
40.79615,-73.94427,Manhattan,A1,2. A1,123019606,1052223,12301960601AL01,A1,1950000.0,Yes,15227,12/6/2018,4/9/2020,128,EAST 112 STREET,111,A. ALEEM CONSTRUCTION INC,RESIDENTIAL: APARTMENT HOUSES,7,57,Other Building Type,Residential,,,Y,BIS
40.79829,-73.94156,Manhattan,A1,2. A1,122751824,1052261,12275182401AL06,A1,970300.0,No,,9/16/2019,9/1/2020,152,EAST 116 STREET,111,ERIN CONSTRUCTION & DEVEL,RESIDENTIAL: APARTMENT HOUSES,5,9,Other Building Type,Residential,,135819,Y,BIS
40.80316,-73.94581,Manhattan,A1,2. A1,121191502,1053254,12119150201AL02,A1,1465940.0,No,,8/21/2019,8/20/2020,23,WEST 119 STREET,110,HOME BUILDERS 1 L.P,RESIDENTIAL: APARTMENT HOUSES,6,24,Other Building Type,Residential,Y,122569,Y,BIS
40.81094,-73.94268,Manhattan,A1,2. A1,121189604,1053770,12118960401AL02,A1,2106000.0,No,,3/25/2020,2/20/2021,406,LENOX AVENUE,110,AVANTE CONTRACTING CORP,RESIDENTIAL: APARTMENT HOUSES,5,9,Other Building Type,Residential,,116357,Y,BIS
40.81158,-73.94224,Manhattan,A1,2. A1,121189622,1053825,12118962201AL02,A1,1592820.0,No,,3/25/2020,3/25/2021,424,LENOX AVENUE,110,AVANTE CONTRACTING CORP,RESIDENTIAL: APARTMENT HOUSES,4,7,Other Building Type,Residential,,131735,Y,BIS
40.81163,-73.94221,Manhattan,A1,2. A1,121189631,1053826,12118963101AL01,A1,1592820.0,No,,2/3/2020,2/2/2021,426,LENOX AVENUE,110,AVANTE CONTRACTING CORP,RESIDENTIAL: APARTMENT HOUSES,4,7,Other Building Type,Residential,,131734,Y,BIS
40.81174,-73.94212,Manhattan,A1,2. A1,121204623,1053884,12120462301AL02,A1,933840.0,No,,3/25/2020,3/25/2021,432,LENOX AVENUE,110,AVANTE CONTRACTING CORP,RESIDENTIAL: APARTMENT HOUSES,4,3,Other Building Type,Residential,,131731,Y,BIS
40.80376,-73.93545,Manhattan,NB,1. NB,121204464,1054682,12120446401NB05,NB,6.8625232E7,No,463684,1/13/2020,1/12/2021,201,EAST 125 STREET,111,MONADNOCK CONSTRUCTION IN,RESIDENTIAL: APARTMENT HOUSES,19,404,Other Building Type,Residential,,,Y,BIS
40.79635,-73.97314,Manhattan,A1,2. A1,123171110,1057068,12317111001AL03,A1,2828150.0,No,,11/8/2019,11/11/2020,305,WEST 97TH STREET,107,FG-PH CORP,RESIDENTIAL: APARTMENT HOUSES,7,97,Other Building Type,Residential,Y,114378,Y,BIS
40.81304,-73.9526,Manhattan,A1,2. A1,121191520,1059392,12119152001AL04,A1,6560000.0,No,,7/2/2019,6/19/2020,410,WEST 128TH STREET,109,HOME BUILDERS 1 L.P,RESIDENTIAL: APARTMENT HOUSES,6,56,Other Building Type,Residential,,104552,Y,BIS
40.82489,-73.94006,Manhattan,A1,2. A1,121205061,1060550,12120506101AL01,A1,3133440.0,No,,10/30/2019,10/29/2020,2794,EIGHTH AVENUE,110,AVANTE CONTRACTING CORP,RESIDENTIAL: APARTMENT HOUSES,5,13,Other Building Type,Residential,,115574,Y,BIS
40.82862,-73.94935,Manhattan,A1,2. A1,121204561,1062436,12120456101AL01,A1,4128600.0,No,,11/19/2019,5/3/2020,601,WEST 148 STREET,109,FG-PH CORP,RESIDENTIAL: APARTMENT HOUSES,8,20,Other Building Type,Residential,,123853,Y,BIS
40.84008,-73.93636,Manhattan,A1,2. A1,121205070,1062675,12120507001AL02,A1,1735200.0,No,,12/24/2019,12/23/2020,2185,AMSTERDAM AVENUE,112,AVANTE CONTRACTING CORP,RESIDENTIAL: APARTMENT HOUSES,6,16,Other Building Type,Residential,,111924,Y,BIS
40.83782,-73.93881,Manhattan,A1,2. A1,121205043,1062896,12120504301AL02,A1,2392200.0,No,,12/24/2019,12/23/2020,2110,AMSTERDAM AVENUE,112,AVANTE CONTRACTING CORP,RESIDENTIAL: APARTMENT HOUSES,5,13,Other Building Type,Residential,,122422,Y,BIS
40.86167,-73.92664,Manhattan,A1,2. A1,121188785,1064203,12118878501AL04,A1,1644864.0,No,,8/8/2019,5/15/2020,21,ARDEN STREET,112,LEMLE & WOLFF CONSTR CORP,RESIDENTIAL: APARTMENT HOUSES,5,15,Other Building Type,Residential,,127952,Y,BIS
40.81151,-73.95074,Manhattan,NB,1. NB,123193212,1085352,12319321201NB02,NB,1.4340904E7,No,96898,12/4/2019,11/30/2020,314,WEST 127TH STREET,110,BRUNO FRUSTACI CONTRACTIN,RESIDENTIAL: APARTMENT HOUSES,12,117,Other Building Type,Residential,,121726,Y,BIS
40.75902,-73.95119,Manhattan,NB,1. NB,121203919,1088859,12120391901NB04,NB,3.7588152E7,No,253974,7/19/2019,7/18/2020,460,MAIN STREET,108,MONADNOCK CONSTRUCTION IN,RESIDENTIAL: APARTMENT HOUSES,21,341,Other Building Type,Residential,,,Y,BIS
40.7722,-73.99091,Manhattan,NB,1. NB,121333342,1088869,12133334201NB08,NB,1.20380832E8,No,813384,9/26/2019,9/25/2020,1,WEST END AVENUE,107,TISHMAN CONSTRUCTION CORP,RESIDENTIAL: APARTMENT HOUSES,43,361,Other Building Type,Residential,,144457,Y,BIS
40.77268,-73.99181,Manhattan,NB,1. NB,121193458,1089374,12119345801NB09,NB,6.5594784E7,No,443208,12/18/2019,10/1/2020,639,WEST 59TH STREET,107,TISHMAN CONSTRUCTION CORP,RESIDENTIAL: APARTMENT HOUSES,34,214,Other Building Type,Residential,,144668,Y,BIS
40.75327,-74.00284,Manhattan,NB,1. NB,121184208,1089411,12118420801NB09,NB,1.45080544E8,No,980274,12/30/2019,6/1/2020,501,WEST 30TH STREET,104,HUDSON YARDS CONSTRUCTION,RESIDENTIAL: APARTMENT HOUSES,70,392,Other Building Type,Residential,,144692,Y,BIS
40.71806,-73.98901,Manhattan,A1,2. A1,121204954,1089450,12120495401AL01,A1,438160.0,No,,1/29/2020,12/20/2020,242,BROOME STREET,103,OCS BUILDERS GROUP LLC,RESIDENTIAL: APARTMENT HOUSES,14,55,Other Building Type,Residential,,,Y,BIS
40.71705,-73.98575,MANHATTAN,A2,3. A2,M00311203-I1,1089451,M00311203-I1-SG,A2,175.0,,7,3/20/2020,9/30/2020,178,BROOME STREET,103,LEON SKVIRSKY PE,0,,,,DOB NOW,,,,DOB NOW
40.80494,-73.93979,MANHATTAN,A2,3. A2,M00181969-I1,1089670,M00181969-I1-FN,A2,1.0,,,3/24/2020,3/24/2021,1800,PARK AVENUE,111,KZ ENGINEERING; PC,0,32,670,Other,DOB NOW,,,,DOB NOW
40.77143,-73.99297,MANHATTAN,A2,3. A2,M00233712-I1,1089709,M00233712-I1-EW-SP,A2,164570.0,,6600,11/13/2019,8/27/2020,625,WEST 57 STREET,104,A&D ENGINEERING; PLLC,0,,,,DOB NOW,,,,DOB NOW
40.77345,-73.992,Manhattan,NB,1. NB,121193181,1089723,12119318101NB05,NB,1.66087376E8,No,1122212,9/25/2019,9/24/2020,400,WEST 61 STREET,107,TISHMAN CONSTRUCTION CORP,RESIDENTIAL: APARTMENT HOUSES,38,645,Other Building Type,Residential,,144666,Y,BIS
40.75654,-73.99905,Manhattan,NB,1. NB,121187483,1089736,12118748301NB12,NB,4.7610564E7,No,321693,3/16/2020,6/1/2020,515,WEST 36TH STREET,104,HUDSON 37 LLC,RESIDENTIAL: APARTMENT HOUSES,39,250,Other Building Type,Residential,,144646,Y,BIS
40.77296,-73.99251,Manhattan,NB,1. NB,121192976,1089741,12119297601NB10,NB,7.8141336E7,No,527982,3/24/2020,10/1/2020,10,RIVERSIDE BOULEVARD,107,TISHMAN CONSTRUCTION CORP,RESIDENTIAL: APARTMENT HOUSES,36,272,Other Building Type,Residential,,144663,Y,BIS
40.71046,-73.99124,Manhattan,NB,1. NB,121185528,1089771,12118552801NB10,NB,1.86718576E8,No,1261612,1/21/2020,3/31/2020,250,SOUTH STREET,103,LENDLEASE(US)CONSTRUCTION,RESIDENTIAL: APARTMENT HOUSES,72,815,Other Building Type,Residential,,,Y,BIS
40.71733,-73.98645,Manhattan,NB,1. NB,121191110,1089891,12119111001NB06,NB,6.3280212E7,No,427569,12/23/2019,12/30/2020,180,BROOME STREET,103,CONSIGLI & ASSOCIATES LLC,RESIDENTIAL: APARTMENT HOUSES,25,263,Other Building Type,Residential,,,Y,BIS
40.71723,-73.98724,Manhattan,NB,1. NB,121203937,1089905,12120393701NB04,NB,5.127978E7,No,346485,12/2/2019,12/1/2020,202,BROOME STREET,103,TRITON CONSTRUCTION CO.;,BUSINESS,15,83,Other Building Type,Commercial,,,Y,BIS
40.79368,-73.94644,Manhattan,NB,1. NB,121191432,1090142,12119143201NB05,NB,7.023976E7,No,474593,2/25/2020,4/1/2021,1465,PARK AVENUE,111,CONGRESS BUILDERS LLC,RESIDENTIAL: APARTMENT HOUSES,15,400,Other Building Type,Residential,,,Y,BIS
40.81137,-73.94334,Manhattan,NB,1. NB,121187660,1090183,12118766001NB07,NB,1.4654812E7,No,99019,3/19/2020,3/19/2021,407,LENOX AVENUE,110,D.P. GROUP GENERAL CONTRA,RESIDENTIAL: APARTMENT HOUSES,10,79,Other Building Type,Residential,,,Y,BIS
40.73029,-73.98125,Manhattan,NB,1. NB,121192342,1090211,12119234201NB10,NB,2.0007528E7,No,135186,5/24/2019,5/23/2020,435,EAST 13TH STREET,103,NOBLE CONSTRUCTION GR LLC,RESIDENTIAL: APARTMENT HOUSES,8,113,Other Building Type,Residential,,144659,Y,BIS
40.72957,-73.97912,MANHATTAN,A2,3. A2,M00283025-I1,1090264,M00283025-I1-MS,A2,60000.0,,1927,1/10/2020,5/27/2020,528,EAST 14 STREET,103,D SPENCER ENGINEERING; LLC,0,,,,DOB NOW,,,,DOB NOW
40.81255,-73.9498,Manhattan,NB,1. NB,121191557,1090354,12119155701NB03,NB,1.40896E7,No,95200,4/9/2019,4/8/2020,2395,8TH AVENUE,110,SUMMIT JV LLC,RESIDENTIAL: APARTMENT HOUSES,15,75,Other Building Type,Residential,,,Y,BIS
40.74843,-73.97575,MANHATTAN,A2,3. A2,M00315997-I1,1090414,M00315997-I1-EW-SP,A2,10000.06,,1000,3/5/2020,4/1/2020,591,3 AVENUE,106,PLUS GROUP CONSULTING ENGINEERING;,0,,,,DOB NOW,,,,DOB NOW
40.70853,-74.00517,Manhattan,NB,1. NB,121184253,1090416,12118425301NB16,NB,1.902392E7,No,128540,1/31/2020,6/1/2020,54,FULTON STREET,101,BRAVO BUILDERS LLC,RESIDENTIAL: APARTMENT HOUSES,23,120,Other Building Type,Residential,,144517,Y,BIS
40.76166,-73.99732,MANHATTAN,A2,3. A2,M00309165-I1,1090460,M00309165-I1-MS,A2,423000.0,,9000,3/27/2020,5/27/2020,572,11 AVENUE,104,JARMEL KIZEL ARCHITECTS & ENGINEERS,0,,,,DOB NOW,,,,DOB NOW
40.74546,-73.98397,Manhattan,NB,1. NB,121192681,1090512,12119268101NB07,NB,1.3063812E7,No,88269,3/2/2020,6/20/2020,30,EAST 31ST STREET,105,E&T SKYLINE CONSTRUCTION,RESIDENTIAL: APARTMENT HOUSES,40,42,Other Building Type,Residential,,,Y,BIS
40.81671,-73.94205,Manhattan,NB,1. NB,121187517,1090558,12118751701NB13,NB,2.9377556E7,No,198497,2/28/2020,12/31/2020,2351,ADAM CLAYTON POWELL BLVD,110,BRP CONSTRUCTION GROUP LL,RESIDENTIAL: APARTMENT HOUSES,8,134,Other Building Type,Residential,,144676,Y,BIS
40.74577,-73.98554,MANHATTAN,A2,3. A2,M00335496-I1,1090601,M00335496-I1-EW-SD,A2,30000.0,,2000,3/27/2020,9/12/2020,7,EAST 30 STREET,105,ROBERT ETTINGER; P.E.; P.C.,0,,,,DOB NOW,,,,DOB NOW
40.81015,-73.95452,Manhattan,NB,1. NB,122068467,1090673,12206846701NB08,NB,6957628.0,No,47011,11/7/2019,11/6/2020,101,MORNINGSIDE AVENUE,109,PRESS BUILDERS INC,RESIDENTIAL: APARTMENT HOUSES,12,23,Other Building Type,Residential,,,Y,BIS
40.78434,-73.94321,Manhattan,NB,1. NB,122879233,1090675,12287923301NB08,NB,2.1353588E7,No,144281,5/14/2019,4/5/2020,1912,FIRST AVENUE,111,PROCIDA CONSTRUCTION CORP,RESIDENTIAL: APARTMENT HOUSES,16,153,Other Building Type,Residential,,,Y,BIS
40.72717,-74.0081,Manhattan,NB,1. NB,121190139,1090693,12119013901NB03,NB,9577820.0,No,64715,11/13/2019,7/6/2020,102,CHARLTON STREET,102,CHARLTON DEVELOPMENT GRP*,RESIDENTIAL: APARTMENT HOUSES,22,67,Other Building Type,Residential,,,Y,BIS
40.79677,-73.94606,Manhattan,NB,1. NB,121204721,1090697,12120472101NB03,NB,5.9741828E7,No,403661,3/16/2020,3/16/2021,60,EAST 112TH STREET,111,L & M BUILDERS GROUP LLC,RESIDENTIAL: APARTMENT HOUSES,15,361,Other Building Type,Residential,,,Y,BIS
40.80245,-73.94605,Manhattan,NB,1. NB,121187982,1090710,12118798201NB04,NB,1.2152576E7,No,82112,12/18/2019,12/17/2020,11,WEST 118TH STREET,110,FIFTH AVENUE BUILDERS LLC,RESIDENTIAL: APARTMENT HOUSES,9,136,Other Building Type,Residential,,,Y,BIS
40.75511,-73.99751,MANHATTAN,A2,3. A2,M00278093-I1,1090717,M00278093-I1-SF,A2,1.0,,,1/3/2020,4/1/2020,445,WEST 35 STREET,104,KZ ENGINEERING; PC,0,,,,DOB NOW,,,,DOB NOW
40.72018,-73.98708,Manhattan,NB,1. NB,121187642,1090736,12118764201NB05,NB,1.0404548E7,No,70301,3/10/2020,5/18/2020,140,ESSEX STREET,103,ESSEX SITE 8 BUILDERS LLC,RESIDENTIAL: APARTMENT HOUSES,8,93,Other Building Type,Residential,,144717,Y,BIS
40.80165,-73.96395,Manhattan,NB,1. NB,121204320,1090749,12120432001NB01,NB,2.8410524E7,No,191963,4/30/2019,4/29/2020,145,WEST 108TH STREET,107,PROCIDA CONSTRUCTION CORP,RESIDENTIAL: APARTMENT HOUSES,11,232,Other Building Type,Residential,,,Y,BIS
40.74793,-73.99449,Manhattan,NB,1. NB,121191049,1090815,12119104901NB08,NB,2.2249432E7,No,150334,2/14/2020,2/13/2021,225,WEST 28TH STREET,105,HAP CONSTRUCTION LLC,RESIDENTIAL: APARTMENT HOUSES,20,112,Other Building Type,Residential,,,Y,BIS
40.72046,-73.97913,Manhattan,NB,1. NB,121204641,1091579,12120464101NB01,NB,6449544.0,No,43578,11/4/2019,11/3/2020,302,EAST 2ND STREET,103,A.A.D. CONSTRUCTION CORP,RESIDENTIAL: APARTMENT HOUSES,14,45,Other Building Type,Residential,,,Y,BIS
40.81073,-73.94984,Manhattan,NB,1. NB,121189579,1091580,12118957901NB01,NB,6373620.0,No,43065,1/27/2020,1/26/2021,267,W 126 STREET,110,APEX BUILDING COMPANY INC,RESIDENTIAL: APARTMENT HOUSES,7,37,Other Building Type,Residential,,,Y,BIS
40.82532,-73.90972,Bronx,NB,1. NB,210178966,2001224,21017896601NB01,NB,1.2404028E7,No,83811,10/30/2019,10/29/2020,972,WASHINGTON AVENUE,203,PENTA RESTORATION CORP,RESIDENTIAL: APARTMENT HOUSES,12,107,Other Building Type,Residential,,,Y,BIS
40.82847,-73.90746,Bronx,NB,1. NB,210179518,2001305,21017951801NB01,NB,1.1972016E7,No,80892,3/11/2020,3/11/2021,3401,3RD AVENUE,203,MEGA CONTRACTING GP LLC,RESIDENTIAL: APARTMENT HOUSES,10,148,Other Building Type,Residential,,,Y,BIS
40.81018,-73.90451,Bronx,NB,1. NB,210179215,2004081,21017921501NB01,NB,1.0937052E7,No,73899,11/20/2019,11/19/2020,880,EAST 147TH STREET,201,REAL BUILDERS INC,RESIDENTIAL: APARTMENT HOUSES,11,80,Other Building Type,Residential,,,Y,BIS
40.82181,-73.89812,Bronx,NB,1. NB,220152046,2005371,22015204601NB06,NB,9042060.0,No,61095,5/14/2019,5/13/2020,917,WESTCHESTER AVENUE,202,PROCIDA CONSTRUCTION CORP,RESIDENTIAL: APARTMENT HOUSES,7,45,Other Building Type,Residential,,228112,Y,BIS
40.83135,-73.89173,Bronx,NB,1. NB,220152803,2010494,22015280301NB04,NB,6315456.0,No,42672,1/28/2020,4/8/2020,1325,SOUTHERN BOULEVARD,203,BAEZ HUGHES DEVELOPMENT,RESIDENTIAL: APARTMENT HOUSES,8,31,Other Building Type,Residential,,,Y,BIS
40.85229,-73.90297,Bronx,NB,1. NB,210178289,2013628,21017828901NB02,NB,1.2737324E7,No,86063,3/25/2020,3/25/2021,2050,GRAND CONCOURSE,205,BRUNO FRUSTACI CONTRACTIN,RESIDENTIAL: APARTMENT HOUSES,13,96,Other Building Type,Residential,,,Y,BIS
40.85195,-73.90155,Bronx,NB,1. NB,220152956,2013665,22015295601NB04,NB,1.098678E7,No,74235,9/24/2019,6/29/2020,2051,RYER AVENUE,205,MEGA CONTRACTING GP LLC,RESIDENTIAL: APARTMENT HOUSES,12,86,Other Building Type,Residential,,,Y,BIS
40.89626,-73.87354,Bronx,NB,1. NB,210178494,2018798,21017849401NB01,NB,7439516.0,No,50267,10/25/2019,8/14/2020,69,E 233 ST,212,L. RISO & SONS CO.; INC,RESIDENTIAL: APARTMENT HOUSES,4,80,Other Building Type,Residential,,,Y,BIS
40.89613,-73.87424,Bronx,A1,2. A1,210178788,2018800,21017878801AL02,A1,430300.0,No,,10/31/2019,10/30/2020,63,EAST 233RD STREET,212,L. RISO & SONS CO.; INC,STORAGE: LOW HAZARD,,,Other Building Type,Commercial,,,Y,BIS
40.82803,-73.86786,Bronx,NB,1. NB,210177627,2024208,21017762701NB03,NB,4.630624E7,No,312880,1/16/2020,5/7/2020,1755,WATSON AVENUE,209,JOY CONSTRUCTION CORP,RESIDENTIAL: APARTMENT HOUSES,9,326,Other Building Type,Residential,,,Y,BIS
40.83055,-73.87241,Bronx,NB,1. NB,210178001,2025407,21017800101NB06,NB,3.7887112E7,No,255994,3/13/2020,3/13/2021,1230,METCALF AVENUE,209,MONADNOCK CONSTRUCTION IN,RESIDENTIAL: APARTMENT HOUSES,12,249,Other Building Type,Residential,,,Y,BIS
40.85881,-73.8681,Bronx,NB,1. NB,220632233,2050004,22063223301NB04,NB,5185032.0,No,35034,11/1/2019,10/31/2020,695,THWAITES PLACE,211,VOLMAR CONSTRUCTION INC,RESIDENTIAL: APARTMENT HOUSES,6,36,Other Building Type,Residential,,219610,Y,BIS
40.90046,-73.85805,Bronx,A1,2. A1,220211893,2070559,22021189301AL06,A1,6843818.0,No,,3/12/2020,1/28/2021,555,NEREID AVENUE,212,CRESCENT BUILDERS; INC,RESIDENTIAL: HOTELS; DORMITORIES,4,90,Other Building Type,Residential,,,Y,BIS
40.84852,-73.91217,Bronx,NB,1. NB,210178911,2090447,21017891101NB01,NB,2.0612108E7,No,139271,8/1/2019,7/31/2020,1769,JEROME AVENUE,205,LENDLEASE(US)CONSTRUCTION,RESIDENTIAL: APARTMENT HOUSES,16,175,Other Building Type,Residential,Y,223237,Y,BIS
40.81482,-73.90885,Bronx,NB,1. NB,220151840,2091322,22015184001NB04,NB,5002400.0,No,33800,5/10/2019,5/14/2020,603,JACKSON AVENUE,201,GALAXY GENERAL CONTRACTIN,RESIDENTIAL: APARTMENT HOUSES,7,25,Other Building Type,Residential,,214052,Y,BIS
40.87667,-73.88649,Bronx,NB,1. NB,220620576,2098417,22062057601NB04,NB,6237164.0,No,42143,9/24/2019,6/29/2020,3188,VILLA AVENUE,207,MEGA CONTRACTING GP LLC,RESIDENTIAL: APARTMENT HOUSES,10,68,Other Building Type,Residential,,,Y,BIS
40.83956,-73.88067,BRONX,A2,3. A2,X00231859-I1,2124285,X00231859-I1-FN,A2,1000.0,,1000,10/11/2019,4/25/2020,1939,WEST FARMS ROAD,206,ROBERT PAPAZIAN ARCHITECT; P.C.,0,,,,DOB NOW,,,,DOB NOW
40.81669,-73.9147,Bronx,NB,1. NB,220151868,2127129,22015186801NB07,NB,5.6967864E7,No,384918,11/15/2019,11/14/2020,600,BERGEN AVENUE,201,MOUNTCO CONST. & DEV.CORP,RESIDENTIAL: APARTMENT HOUSES,13,281,Other Building Type,Residential,,,Y,BIS
40.82096,-73.87794,Bronx,NB,1. NB,220151895,2127284,22015189501NB05,NB,3.56125E7,No,240625,3/12/2019,4/1/2020,1530,STORY AVENUE,209,L & M BUILDERS GROUP LLC,RESIDENTIAL: APARTMENT HOUSES,13,212,Other Building Type,Residential,,228091,Y,BIS
40.87152,-73.89162,Bronx,NB,1. NB,220152395,2128204,22015239501NB06,NB,1.2013012E7,No,81169,2/25/2020,9/30/2020,2865,CRESTON AVENUE,207,WORTH CONSTRUCTION CO INC,RESIDENTIAL: APARTMENT HOUSES,13,118,Other Building Type,Residential,,,Y,BIS
40.85385,-73.89182,Bronx,NB,1. NB,220152117,2128231,22015211701NB07,NB,4.3542636E7,No,294207,3/12/2019,4/1/2020,4511,3RD AVENUE,206,CHATSWORTH BUILDERS LLC,RESIDENTIAL: APARTMENT HOUSES,11,181,Other Building Type,Residential,,228063,Y,BIS
40.81104,-73.92654,BRONX,A2,3. A2,X00309824-I1,2128327,X00309824-I1-SG,A2,1750.0,,,3/3/2020,6/18/2020,2560,3 AVENUE,201,ALBERT MONTOYA ARCHITECT,0,,,,DOB NOW,,,,DOB NOW
40.83821,-73.88477,Bronx,NB,1. NB,220152581,2128398,22015258101NB04,NB,1.5471476E7,No,104537,10/24/2019,6/28/2020,1812,VYSE AVENUE,203,HLS BUILDERS CORP,RESIDENTIAL: APARTMENT HOUSES,12,121,Other Building Type,Residential,,228160,Y,BIS
40.80495,-73.91695,Bronx,NB,1. NB,220152661,2128429,22015266101NB04,NB,2.0563416E7,No,138942,5/31/2019,5/30/2020,570,EAST 137TH STREET,201,PROCIDA CONSTRUCTION CORP,RESIDENTIAL: APARTMENT HOUSES,9,159,Other Building Type,Residential,,,Y,BIS
40.83307,-73.85569,Bronx,NB,1. NB,220152563,2128439,22015256301NB03,NB,1.7273524E7,No,116713,5/14/2019,5/13/2020,2035,NEWBOLD AVENUE,209,PROCIDA CONSTRUCTION CORP,RESIDENTIAL: APARTMENT HOUSES,10,124,Other Building Type,Residential,,,Y,BIS
40.83346,-73.85564,Bronx,NB,1. NB,220152572,2128441,22015257201NB04,NB,1.3945448E7,No,94226,5/14/2019,5/13/2020,2044,WESTCHESTER AVENUE,209,PROCIDA CONSTRUCTION CORP,RESIDENTIAL: APARTMENT HOUSES,11,82,Other Building Type,Residential,,,Y,BIS
40.85012,-73.90411,Bronx,NB,1. NB,220546620,2128505,22054662001NB06,NB,6407068.0,No,43291,12/6/2019,9/11/2020,220,EAST 178 STREET,205,M. MELNICK & COMPANY INC,RESIDENTIAL: APARTMENT HOUSES,12,52,Other Building Type,Residential,,,Y,BIS
40.84615,-73.89693,Bronx,NB,1. NB,220152420,2128726,22015242001NB05,NB,2.6476904E7,No,178898,9/24/2019,6/29/2020,1880,BATHGATE AVENUE,206,MEGA CONTRACTING GP LLC,RESIDENTIAL: APARTMENT HOUSES,8,204,Other Building Type,Residential,,,Y,BIS
40.84105,-73.89172,Bronx,NB,1. NB,220152518,2128766,22015251801NB03,NB,1.1295064E7,No,76318,12/16/2019,11/14/2020,775,CROTONA PARK NORTH,206,PROCIDA CONSTRUCTION CORP,RESIDENTIAL: APARTMENT HOUSES,7,84,Other Building Type,Residential,,,Y,BIS
40.85103,-73.90333,Bronx,NB,1. NB,220546639,2128910,22054663901NB06,NB,4973096.0,No,33602,3/11/2020,9/11/2020,225,EAST 179 STREET,205,M. MELNICK & COMPANY INC,RESIDENTIAL: APARTMENT HOUSES,12,37,Other Building Type,Residential,,,Y,BIS
40.86786,-73.88645,Bronx,NB,1. NB,220465841,2128914,22046584101NB07,NB,1.7464E7,No,118000,3/23/2020,9/1/2020,2885,MARION AVE.,207,GALAXY G.C. GROUP; LLC,RESIDENTIAL: APARTMENT HOUSES,8,114,Other Building Type,Residential,,,Y,BIS
40.81462,-73.88806,Bronx,NB,1. NB,210177681,2128935,21017768101NB02,NB,1.4474992E7,No,97804,5/13/2019,5/12/2020,700,MANIDA STREET,202,GALAXY G.C. GROUP; LLC,RESIDENTIAL: APARTMENT HOUSES,8,108,Other Building Type,Residential,,,Y,BIS
40.81294,-73.90459,Bronx,NB,1. NB,220152670,2128955,22015267001NB05,NB,9768000.0,No,66000,1/28/2020,4/8/2020,569,PROSPECT AVE,201,BAEZ HUGHES DEVELOPMENT,RESIDENTIAL: APARTMENT HOUSES,7,45,Other Building Type,Residential,,,Y,BIS
40.82081,-73.87899,BRONX,A2,3. A2,X00227740-I1,2128970,X00227740-I1-EW-SP,A2,55000.0,,9375,1/31/2020,6/30/2020,1520,STORY AVENUE,209,SKYLINE ENGINEERING,0,,,,DOB NOW,,,,DOB NOW
40.80951,-73.91615,Bronx,NB,1. NB,210177841,2128977,21017784101NB02,NB,2.666294E7,No,180155,1/29/2020,1/28/2021,345,ST ANN'S AVE,201,MONADNOCK CONSTRUCTION IN,RESIDENTIAL: APARTMENT HOUSES,10,178,Other Building Type,Residential,,,Y,BIS
40.84001,-73.88158,Bronx,NB,1. NB,220152750,2129026,22015275001NB02,NB,4.648754E7,No,314105,5/22/2019,5/21/2020,1932,BRYANT AVENUE,206,MONADNOCK CONSTRUCTION IN,RESIDENTIAL: APARTMENT HOUSES,15,319,Other Building Type,Residential,,,Y,BIS
40.83361,-73.88416,Bronx,NB,1. NB,220152876,2129027,22015287601NB06,NB,5.1979968E7,No,351216,1/10/2020,4/30/2020,1560,BOONE AVENUE,203,MONADNOCK CONSTRUCTION IN,RESIDENTIAL: APARTMENT HOUSES,15,366,Other Building Type,Residential,,,Y,BIS
40.81699,-73.92852,Bronx,NB,1. NB,220569999,2129044,22056999901NB04,NB,4.5992184E7,No,310758,1/23/2020,1/22/2021,425,GRAND CONCOURSE,201,MONADNOCK CONSTRUCTION IN,RESIDENTIAL: APARTMENT HOUSES,26,277,Other Building Type,Residential,,,Y,BIS
40.81603,-73.91547,Bronx,NB,1. NB,220151859,2129056,22015185901NB06,NB,4.4045244E7,No,297603,11/15/2019,11/14/2020,556,BERGEN AVENUE,201,MOUNTCO CONST. & DEV.CORP,RESIDENTIAL: APARTMENT HOUSES,12,215,Other Building Type,Residential,,,Y,BIS
40.82791,-73.90833,Bronx,NB,1. NB,210178038,2129119,21017803801NB01,NB,1.6673088E7,No,112656,6/14/2019,6/13/2020,1074,WASHINGTON AVENUE,203,HOME BUILDERS 1 L.P,RESIDENTIAL: APARTMENT HOUSES,12,154,Other Building Type,Residential,,,Y,BIS
40.82249,-73.91256,Bronx,NB,1. NB,220601980,2129139,22060198001NB04,NB,2649644.0,No,17903,3/19/2020,3/19/2021,451,EAST 159TH STREET,203,D.P. GROUP GENERAL CONTRA,RESIDENTIAL: APARTMENT HOUSES,5,24,Other Building Type,Residential,,,Y,BIS
40.83143,-73.90781,Bronx,NB,1. NB,220152910,2129140,22015291001NB05,NB,1.2346456E7,No,83422,2/10/2020,2/9/2021,3500,PARK AVENUE,203,MEGA CONTRACTING GP LLC,RESIDENTIAL: APARTMENT HOUSES,7,115,Other Building Type,Residential,,,Y,BIS
40.82364,-73.91753,Bronx,NB,1. NB,220601999,2129144,22060199901NB04,NB,2300216.0,No,15542,3/19/2020,3/19/2021,3120,PARK AVENUE,201,D.P. GROUP GENERAL CONTRA,RESIDENTIAL: APARTMENT HOUSES,5,14,Other Building Type,Residential,,,Y,BIS
40.81865,-73.90935,Bronx,NB,1. NB,220152705,2129154,22015270501NB04,NB,3.1058244E7,No,209853,5/31/2019,5/30/2020,600,EAST 156TH STREET,201,MEGA CONTRACTING GP LLC,RESIDENTIAL: APARTMENT HOUSES,12,175,Other Building Type,Residential,,,Y,BIS
40.82548,-73.88903,Bronx,NB,1. NB,210178653,2129161,21017865301NB02,NB,1.0278156E7,No,69447,3/25/2020,3/25/2021,1115,EAST 165TH STREET,202,D.P. GROUP GENERAL CONTRA,RESIDENTIAL: APARTMENT HOUSES,8,62,Other Building Type,Residential,,,Y,BIS
40.82215,-73.89526,Bronx,NB,1. NB,220616288,2129167,22061628801NB04,NB,2.187662E7,No,147815,8/19/2019,8/13/2020,975,TIFFANY STREET,202,A.A.D. CONSTRUCTION CORP,RESIDENTIAL: APARTMENT HOUSES,8,161,Other Building Type,Residential,,,Y,BIS
40.81982,-73.89168,Bronx,NB,1. NB,220152849,2129171,22015284901NB09,NB,2.5085704E7,No,169498,2/21/2020,4/30/2020,985,BRUCKNER BOULEVARD,202,MONADNOCK CONSTRUCTION IN,RESIDENTIAL: APARTMENT HOUSES,10,215,Other Building Type,Residential,,,Y,BIS
40.83727,-73.91675,Bronx,NB,1. NB,220152830,2129183,22015283001NB02,NB,1.3521724E7,No,91363,6/5/2019,6/4/2020,112,EAST CLARKE PLACE,204,PROCIDA CONSTRUCTION CORP,RESIDENTIAL: APARTMENT HOUSES,14,122,Other Building Type,Residential,,,Y,BIS
40.83871,-73.91879,Bronx,NB,1. NB,210178225,2129224,21017822501NB03,NB,3.180298E7,No,214885,2/3/2020,2/2/2021,1325,JEROME AVENUE,204,BOLIVAR BUILDERS; LLC,RESIDENTIAL: APARTMENT HOUSES,15,255,Other Building Type,Residential,,,Y,BIS
40.82288,-73.92378,Bronx,NB,1. NB,220152643,2129230,22015264301NB06,NB,1.4969756E7,No,101147,11/20/2019,5/7/2020,180,EAST 156TH STREET,204,JOY CONSTRUCTION CORP,RESIDENTIAL: APARTMENT HOUSES,10,114,Other Building Type,Residential,,,Y,BIS
40.87407,-73.88603,Bronx,NB,1. NB,210178485,2129250,21017848501NB02,NB,1.3364252E7,No,90299,2/13/2020,5/15/2020,211,EAST 203 STREET,207,PROCIDA CONSTRUCTION CORP,RESIDENTIAL: APARTMENT HOUSES,13,108,Other Building Type,Residential,,,Y,BIS
40.84761,-73.89225,Bronx,NB,1. NB,210178403,2129261,21017840301NB03,NB,1.93325E7,No,130625,5/31/2019,6/3/2020,600,EAST 179 STREET,206,LENDLEASE(US)CONSTRUCTION,RESIDENTIAL: APARTMENT HOUSES,9,177,Other Building Type,Residential,,,Y,BIS
40.82453,-73.91153,Bronx,NB,1. NB,220152144,2129268,22015214401NB06,NB,6.309684E7,No,426330,3/12/2020,9/15/2020,443,EAST 162ND STREET,203,BRONX COMMONS BUILDERS LL,RESIDENTIAL: APARTMENT HOUSES,12,305,Other Building Type,Residential,,228168,Y,BIS
40.87482,-73.88799,Bronx,NB,1. NB,220415012,2129282,22041501201NB10,NB,7859540.0,No,53105,2/20/2020,9/1/2020,16,E. 204TH ST.,207,GALAXY GENERAL CONTRACTIN,RESIDENTIAL: APARTMENT HOUSES,12,54,Other Building Type,Residential,,,Y,BIS
40.82838,-73.90652,Bronx,NB,1. NB,210113250,2129288,21011325001NB05,NB,8316416.0,No,56192,8/20/2019,8/13/2020,545,EAST  166 STREET,203,A.A.D. CONSTRUCTION CORP,RESIDENTIAL: APARTMENT HOUSES,9,41,Other Building Type,Residential,,228130,Y,BIS
40.85871,-73.89142,Bronx,NB,1. NB,210178751,2129313,21017875101NB02,NB,9314232.0,No,62934,1/17/2020,12/11/2020,4697,3RD AVENUE,206,HOME BUILDERS 1 L.P,RESIDENTIAL: APARTMENT HOUSES,8,53,Other Building Type,Residential,,,Y,BIS
40.87673,-73.88451,Bronx,NB,1. NB,220561853,2129326,22056185301NB06,NB,2.213784E7,No,149580,3/6/2020,5/23/2020,150,VAN CORTLANDT AVE EAST,207,BE BRONX BUILDERS; LLC,RESIDENTIAL: APARTMENT HOUSES,13,152,Other Building Type,Residential,,,Y,BIS
40.81137,-73.91901,Bronx,NB,1. NB,210178396,2129390,21017839601NB01,NB,1.7695028E7,No,119561,7/26/2019,7/25/2020,448,EAST 143RD STREET,201,MONADNOCK CONSTRUCTION IN,RESIDENTIAL: APARTMENT HOUSES,8,152,Other Building Type,Residential,,,Y,BIS
40.84731,-73.88451,Bronx,NB,1. NB,210179000,2129395,21017900001NB01,NB,4991892.0,No,33729,7/31/2019,6/26/2020,801,EAST 181 STREET,206,HOME BUILDERS 1 L.P,RESIDENTIAL: APARTMENT HOUSES,6,30,Other Building Type,Residential,,,Y,BIS
40.8772,-73.86013,Bronx,NB,1. NB,220152171,2129466,22015217101NB05,NB,1.1402956E7,No,77047,12/30/2019,6/29/2020,839,TILDEN STREET,212,MEGA CONTRACTING GP LLC,RESIDENTIAL: APARTMENT HOUSES,7,57,Other Building Type,Residential,,,Y,BIS
40.822,-73.92467,Bronx,NB,1. NB,220152625,2129467,22015262501NB06,NB,8519472.0,No,57564,3/5/2020,5/7/2020,702,GRAND CONCOURSE,204,JOY CONSTRUCTION CORP,RESIDENTIAL: APARTMENT HOUSES,14,57,Other Building Type,Residential,,,Y,BIS
40.83011,-73.90536,Bronx,NB,1. NB,220152698,2129503,22015269801NB03,NB,3632216.0,No,24542,4/8/2019,4/7/2020,1193,FULTON AVENUE,203,APEX BUILDING COMPANY INC,RESIDENTIAL: APARTMENT HOUSES,5,25,Other Building Type,Residential,,,Y,BIS
40.8347,-73.92189,Bronx,NB,1. NB,210178127,2130367,21017812701NB06,NB,5.0217288E7,No,339306,2/20/2020,2/19/2021,1164,RIVER AVENUE,204,JOY CONSTRUCTION CORP,RESIDENTIAL: APARTMENT HOUSES,17,500,Other Building Type,Residential,,,Y,BIS
40.81466,-73.89088,Bronx,NB,1. NB,210178500,2130390,21017850001NB01,NB,2.905758E7,No,196335,8/8/2019,8/7/2020,720,TIFFANY STREET,202,BROADWAY BUILDERS LLC,RESIDENTIAL: APARTMENT HOUSES,14,183,Other Building Type,Residential,,,Y,BIS
40.84221,-73.88358,Bronx,NB,1. NB,210179616,2130434,21017961601NB01,NB,1.14367E7,No,77275,1/22/2020,1/21/2021,1973,DALY AVENUE,206,SD BUILDERS AND CONSTRUCT,RESIDENTIAL: APARTMENT HOUSES,11,119,Other Building Type,Residential,,,Y,BIS
40.8259,-73.90963,Bronx,NB,1. NB,210180070,2825058,21018007001NB02,NB,1.1519876E7,No,77837,3/9/2020,3/9/2021,481,EAST 164TH STREET,203,MONADNOCK CONSTRUCTION IN,RESIDENTIAL: APARTMENT HOUSES,8,95,Other Building Type,Residential,,,Y,BIS
40.82204,-73.92427,Bronx,NB,1. NB,220152634,2833311,22015263401NB05,NB,1.3948556E7,No,94247,11/6/2019,5/7/2020,707,CONCOURSE VILLAGE WEST,204,JOY CONSTRUCTION CORP,RESIDENTIAL: APARTMENT HOUSES,11,94,Other Building Type,Residential,,,Y,BIS
40.6881,-73.9824,Brooklyn,NB,1. NB,321384578,3000507,32138457801NB02,NB,2.243162E7,No,151565,1/14/2020,1/13/2021,308,LIVINGSTON STREET,302,NOBLE CONSTRUCTION GR LLC,RESIDENTIAL: APARTMENT HOUSES,23,160,Other Building Type,Residential,,,Y,BIS
40.68792,-73.98261,Brooklyn,NB,1. NB,320627416,3000519,32062741601NB02,NB,1.5556724E7,No,105113,6/19/2019,6/18/2020,285,SCHERMERHORN STREET,302,SDS LEONARD LLC,RESIDENTIAL: APARTMENT HOUSES,14,105,Other Building Type,Residential,,,Y,BIS
40.68714,-73.98222,Brooklyn,A1,2. A1,320912367,3000556,32091236701AL02,A1,4.4E7,Yes,42009,1/6/2020,1/5/2021,50,NEVINS STREET,302,MEGA CONTRACTING GP LLC,RESIDENTIAL: APARTMENT HOUSES,10,195,Other Building Type,Residential,,346295,Y,BIS
40.65608,-74.00202,Brooklyn,NB,1. NB,321383169,3010094,32138316901NB01,NB,2.0183944E7,No,136378,10/10/2019,10/9/2020,875,FOURTH AVENUE,307,MINT DEVELOPMENT CORP,RESIDENTIAL: APARTMENT HOUSES,8,150,Other Building Type,Residential,,,Y,BIS
40.64592,-74.01364,Brooklyn,NB,1. NB,321188031,3013507,32118803101NB02,NB,1.0602128E7,No,71636,5/13/2019,5/12/2020,5108,4TH AVENUE,307,GALAXY G.C. GROUP; LLC,RESIDENTIAL: APARTMENT HOUSES,8,50,Other Building Type,Residential,,,Y,BIS
40.67297,-73.96313,Brooklyn,A1,2. A1,321326301,3029544,32132630101AL04,A1,1081000.0,No,,3/27/2020,4/1/2021,840,WASHINGTON AVE,308,NOTIAS CONSTRUCTION INC,RESIDENTIAL: APARTMENT HOUSES,4,13,Other Building Type,Residential,,335149,Y,BIS
40.67739,-73.95321,Brooklyn,A1,2. A1,321264396,3029966,32126439601AL01,A1,1000.0,No,,8/2/2019,8/1/2020,1350,BEDFORD AVENUE,308,LOUIS ENGEL & CO INC.,RESIDENTIAL: APARTMENT HOUSES,7,79,Other Building Type,Residential,,374987,Y,BIS
40.6688,-73.95499,Brooklyn,NB,1. NB,321383383,3033161,32138338301NB03,NB,1.4483576E7,No,97862,11/14/2019,11/13/2020,1089,PRESIDENT STREET,309,ARMORY BUILDER III LLC,RESIDENTIAL: APARTMENT HOUSES,8,60,Other Building Type,Residential,,,Y,BIS
40.67554,-73.90709,Brooklyn,NB,1. NB,321387290,3038661,32138729001NB01,NB,1.2385084E7,No,83683,12/10/2019,12/9/2020,126,SACKMAN STREET,316,MONADNOCK CONSTRUCTION IN,RESIDENTIAL: APARTMENT HOUSES,8,136,Other Building Type,Residential,,,Y,BIS
40.69566,-73.95604,Brooklyn,A1,2. A1,321246326,3048430,32124632601AL04,A1,353000.0,No,,3/29/2019,4/1/2020,825,BEDFORD AVE,303,NOTIAS CONSTRUCTION INC,RESIDENTIAL: APARTMENT HOUSES,4,3,Other Building Type,Residential,,384614,Y,BIS
40.6832,-73.9463,Brooklyn,A1,2. A1,321189913,3052406,32118991301AL04,A1,1525530.0,No,,9/5/2019,9/1/2020,243,HANCOCK ST.,303,ERIN CONSTRUCTION & DEVEL,RESIDENTIAL: APARTMENT HOUSES,4,11,Other Building Type,Residential,Y,350043,Y,BIS
40.69642,-73.97289,Brooklyn,A1,2. A1,321326310,3058003,32132631001AL04,A1,655000.0,No,,3/29/2019,4/1/2020,165,PARK AVE,302,NOTIAS CONSTRUCTION INC,RESIDENTIAL: APARTMENT HOUSES,4,9,Other Building Type,Residential,,306268,Y,BIS
40.71264,-73.95287,Brooklyn,NB,1. NB,320912312,3062539,32091231201NB02,NB,3708584.0,No,25058,2/28/2020,11/19/2020,56,AINSLIE STREET,301,HEARTFELT TOWNHOUSE BUILD,RESIDENTIAL: APARTMENT HOUSES,8,27,Other Building Type,Residential,,,Y,BIS
40.71617,-73.96434,Brooklyn,NB,1. NB,321140706,3062567,32114070601NB04,NB,1.276352E7,No,86240,10/30/2019,10/29/2020,296,WHYTE AV,301,Y.N.H. CONSTRUCTION INC,RESIDENTIAL: APARTMENT HOUSES,6,55,Other Building Type,Residential,,,Y,BIS
40.69832,-73.93465,Brooklyn,A1,2. A1,320917754,3072011,32091775401AL08,A1,3600000.0,Yes,44041,1/16/2020,1/15/2021,594,BUSHWICK AVENUE,304,CCM VENTURES HOLDING LLC,RESIDENTIAL: APARTMENT HOUSES,6,64,Other Building Type,Residential,,362914,Y,BIS
40.67261,-73.90729,Brooklyn,NB,1. NB,320909834,3083600,32090983401NB02,NB,521552.0,No,3524,12/11/2019,4/8/2020,273,MOTHER GASTON BOULEVARD,316,APEX BUILDING COMPANY INC,RESIDENTIAL: APARTMENT HOUSES,3,3,123 Family,Residential,,,Y,BIS
40.65764,-73.90132,Brooklyn,NB,1. NB,321189735,3085896,32118973501NB03,NB,4.5089088E7,No,304656,5/14/2019,5/13/2020,672,POWELL STREET,316,PROCIDA CONSTRUCTION CORP,RESIDENTIAL: APARTMENT HOUSES,11,197,Other Building Type,Residential,,,Y,BIS
40.65789,-73.89792,Brooklyn,NB,1. NB,320909905,3085948,32090990501NB02,NB,627520.0,No,4240,4/10/2019,4/8/2020,1745,LINDEN BOULEVARD,305,APEX BUILDING COMPANY INC,RESIDENTIAL: APARTMENT HOUSES,4,3,123 Family,Residential,,,Y,BIS
40.65866,-73.89701,Brooklyn,NB,1. NB,321190082,3085955,32119008201NB03,NB,574980.0,No,3885,4/9/2019,4/8/2020,653,HINSDALE STREET,305,APEX BUILDING COMPANY INC,RESIDENTIAL: APARTMENT HOUSES,3,3,123 Family,Residential,,,Y,BIS
40.6685,-73.88873,Brooklyn,NB,1. NB,321185551,3089994,32118555101NB03,NB,451844.0,No,3053,12/20/2019,12/19/2020,806,BLAKE AVENUE,305,HERITAGE V LLC,RESIDENTIAL: 1 & 2 FAMILY HOUSES,3,2,123 Family,Residential,,,Y,BIS
40.64776,-73.95443,Brooklyn,A1,2. A1,321246335,3117703,32124633501AL04,A1,242000.0,No,,3/27/2020,4/1/2021,74,LOTT ST,317,NOTIAS CONSTRUCTION INC,RESIDENTIAL: APARTMENT HOUSES,3,4,Other Building Type,Residential,,352209,Y,BIS
40.64346,-73.96012,Brooklyn,NB,1. NB,321193025,3118533,32119302501NB02,NB,1.0324036E7,No,69757,10/4/2019,6/29/2020,1921,CORTELYOU ROAD,314,MEGA CONTRACTING GP LLC,RESIDENTIAL: APARTMENT HOUSES,9,76,Other Building Type,Residential,,,Y,BIS
40.66806,-73.89941,Brooklyn,NB,1. NB,321185631,3252578,32118563101NB03,NB,465608.0,No,3146,12/20/2019,12/19/2020,289,HINSDALE STREET,305,HERITAGE V LLC,RESIDENTIAL: APARTMENT HOUSES,3,3,123 Family,Residential,,,Y,BIS
40.66788,-73.88234,Brooklyn,NB,1. NB,321195808,3252950,32119580801NB03,NB,289784.0,No,1958,12/20/2019,12/19/2020,980,DUMONT AVENUE,305,HERITAGE V LLC,RESIDENTIAL: 1 & 2 FAMILY HOUSES,3,2,123 Family,Residential,,,Y,BIS
40.67413,-73.88248,Brooklyn,NB,1. NB,321660332,3319656,32166033201NB02,NB,3400300.0,No,22975,11/29/2019,5/26/2020,2437,PITKIN AVENUE,305,SUNSHINE CONSTR USA INC,RESIDENTIAL: APARTMENT HOUSES,8,32,Other Building Type,Residential,,,Y,BIS
40.66885,-73.88103,Brooklyn,NB,1. NB,321195791,3319689,32119579101NB03,NB,463388.0,No,3131,12/20/2019,12/19/2020,671,LINWOOD STREET,305,HERITAGE V LLC,RESIDENTIAL: 1 & 2 FAMILY HOUSES,3,2,123 Family,Residential,,,Y,BIS
40.68196,-73.9467,Brooklyn,A1,2. A1,321189897,3322633,32118989701AL03,A1,1555622.0,No,,9/5/2019,9/1/2020,178,HALSEY STREET,303,ERIN CONSTRUCTION & DEVEL,RESIDENTIAL: APARTMENT HOUSES,4,10,Other Building Type,Residential,,329996,Y,BIS
40.6624,-73.9113,Brooklyn,NB,1. NB,321594217,3326498,32159421701NB04,NB,1.2830564E7,No,86693,3/17/2020,3/17/2021,169,LIVONIA AVENUE,316,L & M BUILDERS GROUP LLC,RESIDENTIAL: APARTMENT HOUSES,8,78,Other Building Type,Residential,,814508,Y,BIS
40.65764,-73.90132,Brooklyn,NB,1. NB,321384140,3327047,32138414001NB01,NB,2.0386556E7,No,137747,7/15/2019,7/14/2020,96,NEW LOTS AVENUE,316,PROCIDA CONSTRUCTION CORP,RESIDENTIAL: APARTMENT HOUSES,9,118,Other Building Type,Residential,,,Y,BIS
40.7183,-73.95358,BROOKLYN,A2,3. A2,B00132520-I1,3329934,B00132520-I1-FN,A2,1.0,,,11/12/2019,11/6/2020,215,NORTH 10 STREET,301,AE DESIGN SOLUTION INC,0,6,31,Other,DOB NOW,,,,DOB NOW
40.63666,-73.94547,Brooklyn,NB,1. NB,321188308,3336201,32118830801NB04,NB,9669580.0,No,65335,1/21/2020,5/15/2020,1488,NEW YORK AVENUE,317,LEMLE & WOLFF CONSTR CORP,RESIDENTIAL: APARTMENT HOUSES,7,89,Other Building Type,Residential,,,Y,BIS
40.73008,-73.96007,Brooklyn,NB,1. NB,320910822,3336994,32091082201NB02,NB,1.3611708E7,No,91971,1/9/2020,12/31/2020,30,KENT STREET,301,WONDER WORKS CONSTR CORP,RESIDENTIAL: APARTMENT HOUSES,11,80,Other Building Type,Residential,,,Y,BIS
40.67587,-73.90778,Brooklyn,NB,1. NB,321195979,3337899,32119597901NB04,NB,1.0805776E7,No,73012,3/24/2020,9/1/2020,1864,EASTERN PARKWAY,316,GALAXY G.C. GROUP; LLC,RESIDENTIAL: APARTMENT HOUSES,10,67,Other Building Type,Residential,,,Y,BIS
40.68783,-73.93984,Brooklyn,NB,1. NB,321195586,3341860,32119558601NB02,NB,1.0580668E7,No,71491,6/11/2019,6/10/2020,645,GATES AVENUE,303,STATESIDE CONSTRUCTION LL,RESIDENTIAL: APARTMENT HOUSES,6,90,Other Building Type,Residential,Y,374532,Y,BIS
40.65827,-73.89845,Brooklyn,NB,1. NB,321190242,3342538,32119024201NB02,NB,574980.0,No,3885,4/8/2019,4/7/2020,666,SNEDIKER AVENUE,305,APEX BUILDING COMPANY INC,RESIDENTIAL: APARTMENT HOUSES,3,3,123 Family,Residential,,,Y,BIS
40.66253,-73.91037,Brooklyn,NB,1. NB,321594280,3345333,32159428001NB03,NB,1.4324476E7,No,96787,3/17/2020,3/17/2021,215,LIVONIA AVENUE,316,L & M BUILDERS GROUP LLC,RESIDENTIAL: APARTMENT HOUSES,7,96,Other Building Type,Residential,,385615,Y,BIS
40.7296,-73.95138,BROOKLYN,A2,3. A2,B00327829-I1,3379800,B00327829-I1-FN,A2,1000.0,,1094,3/18/2020,12/31/2020,211,MCGUINNESS BOULEVARD,301,SPIVAK ARCHITECTS P.C.,0,,,,DOB NOW,,,,DOB NOW
40.70152,-73.94118,Brooklyn,NB,1. NB,320912358,3395434,32091235801NB03,NB,8163384.0,No,55158,11/12/2019,11/8/2020,40,DEBEVOISE STREET,301,CHATEAU GC LLC,RESIDENTIAL: APARTMENT HOUSES,8,65,Other Building Type,Residential,,,Y,BIS
40.65323,-73.95982,Brooklyn,NB,1. NB,321188567,3397264,32118856701NB03,NB,4.1099156E7,No,277697,1/21/2020,1/20/2021,800,FLATBUSH AVENUE,314,LETTIRE CONSTRUCTION CORP,RESIDENTIAL: APARTMENT HOUSES,14,255,Other Building Type,Residential,,,Y,BIS
40.73683,-73.95909,Brooklyn,NB,1. NB,320627327,3418101,32062732701NB08,NB,5.4683336E7,No,369482,12/2/2019,12/1/2020,1,BLUE SLIP,301,CONSIGLI & ASSOCIATES LLC,RESIDENTIAL: APARTMENT HOUSES,30,356,Other Building Type,Residential,,387868,Y,BIS
40.67737,-73.95596,BROOKLYN,A2,3. A2,B00227746-I1,3418229,B00227746-I1-SG,A2,3744.0,,32,10/3/2019,9/17/2020,1040,DEAN STREET,308,YAN GAO,0,,,,DOB NOW,,,,DOB NOW
40.73643,-73.95956,Brooklyn,NB,1. NB,320597449,3418262,32059744901NB10,NB,5.4927832E7,No,371134,12/23/2019,12/30/2020,41,BLUE SLIP,301,CONSIGLI & ASSOCIATES LLC,RESIDENTIAL: APARTMENT HOUSES,39,421,Other Building Type,Residential,,,Y,BIS
40.66393,-73.89821,Brooklyn,NB,1. NB,321190670,3421372,32119067001NB14,NB,1.1989776E7,No,81012,2/10/2020,12/31/2020,453,HINSDALE STREET,305,BRP CONSTRUCTION GROUP LL,RESIDENTIAL: APARTMENT HOUSES,7,62,Other Building Type,Residential,,388931,Y,BIS
40.69567,-73.99143,Brooklyn,NB,1. NB,321197478,3421378,32119747801NB05,NB,6.0013556E7,No,405497,8/16/2019,8/15/2020,1,CLINTON STREET,302,CONSIGLI & ASSOCIATES LLC,RESIDENTIAL: APARTMENT HOUSES,36,134,Other Building Type,Residential,,,Y,BIS
40.66408,-73.90018,Brooklyn,NB,1. NB,321190652,3421386,32119065201NB07,NB,1.06264E7,No,71800,5/3/2019,5/2/2020,463,LIVONIA AVENUE,305,APEX SKYLINE CONSTRUCTION,RESIDENTIAL: APARTMENT HOUSES,7,57,Other Building Type,Residential,,,Y,BIS
40.65998,-73.89568,Brooklyn,NB,1. NB,321190108,3421400,32119010801NB02,NB,486032.0,No,3284,12/11/2019,4/8/2020,21,MALTA STREET,305,APEX BUILDING COMPANY INC,RESIDENTIAL: 1 & 2 FAMILY HOUSES,3,2,123 Family,Residential,,,Y,BIS
40.66279,-73.89185,Brooklyn,NB,1. NB,321190260,3421406,32119026001NB02,NB,576164.0,No,3893,4/10/2019,4/9/2020,668,VERMONT STREET,305,APEX BUILDING COMPANY INC,RESIDENTIAL: APARTMENT HOUSES,3,3,123 Family,Residential,,,Y,BIS
40.66889,-73.88501,Brooklyn,NB,1. NB,321195899,3421801,32119589901NB03,NB,386280.0,No,2610,12/20/2019,12/19/2020,586,WARWICK STREET,305,HERITAGE V LLC,RESIDENTIAL: 1 & 2 FAMILY HOUSES,3,2,123 Family,Residential,,,Y,BIS
40.66884,-73.88496,Brooklyn,NB,1. NB,321195773,3421802,32119577301NB03,NB,384652.0,No,2599,12/20/2019,12/19/2020,588,WARWICK STREET,305,HERITAGE V LLC,RESIDENTIAL: 1 & 2 FAMILY HOUSES,3,2,123 Family,Residential,,,Y,BIS
40.65895,-73.89896,Brooklyn,NB,1. NB,321197316,3421816,32119731601NB06,NB,6665180.0,No,45035,11/22/2019,5/15/2020,180,NEW LOTS AVENUE,305,MACQUESTEN CONS. MNGMT*,RESIDENTIAL: APARTMENT HOUSES,7,28,Other Building Type,Residential,,,Y,BIS
40.6538,-73.8663,Brooklyn,NB,1. NB,321195050,3421879,32119505001NB06,NB,1.2020856E7,No,81222,12/13/2019,11/8/2020,11629,SEAVIEW AVENUE,305,CHATEAU GC LLC,RESIDENTIAL: APARTMENT HOUSES,6,65,Other Building Type,Residential,,,Y,BIS
40.65396,-73.86679,Brooklyn,NB,1. NB,321195096,3421880,32119509601NB07,NB,4.5667324E7,No,308563,12/13/2019,11/8/2020,911,ERSKINE STREET,305,CHATEAU GC LLC,RESIDENTIAL: APARTMENT HOUSES,9,267,Other Building Type,Residential,,,Y,BIS
40.65281,-73.87668,Brooklyn,NB,1. NB,321188219,3421884,32118821901NB02,NB,1082916.0,No,7317,5/2/2019,5/1/2020,129,GATEWAY DRIVE,305,MONADNOCK CONSTRUCTION IN,RESIDENTIAL: APARTMENT HOUSES,4,8,Other Building Type,Residential,,,Y,BIS
40.65289,-73.87675,Brooklyn,NB,1. NB,321188451,3421885,32118845101NB02,NB,1082916.0,No,7317,5/3/2019,5/2/2020,127,GATEWAY DRIVE,305,MONADNOCK CONSTRUCTION IN,RESIDENTIAL: APARTMENT HOUSES,4,8,Other Building Type,Residential,,,Y,BIS
40.65299,-73.87704,Brooklyn,NB,1. NB,321188111,3421886,32118811101NB02,NB,1403188.0,No,9481,5/3/2019,5/2/2020,392,SCHROEDERS AVENUE,305,MONADNOCK CONSTRUCTION IN,RESIDENTIAL: APARTMENT HOUSES,4,8,Other Building Type,Residential,,,Y,BIS
40.65303,-73.87691,Brooklyn,NB,1. NB,321188433,3421887,32118843301NB02,NB,1049172.0,No,7089,5/3/2019,5/2/2020,396,SCHROEDERS AVENUE,305,MONADNOCK CONSTRUCTION IN,RESIDENTIAL: APARTMENT HOUSES,4,8,Other Building Type,Residential,,,Y,BIS
40.65307,-73.8768,Brooklyn,NB,1. NB,321188291,3421888,32118829101NB02,NB,1049172.0,No,7089,5/3/2019,5/2/2020,398,SCHROEDERS AVENUE,305,MONADNOCK CONSTRUCTION IN,RESIDENTIAL: APARTMENT HOUSES,4,8,Other Building Type,Residential,,,Y,BIS
40.65311,-73.87669,Brooklyn,NB,1. NB,321188148,3421889,32118814801NB02,NB,1076404.0,No,7273,5/3/2019,5/2/2020,400,SCHROEDERS AVENUE,305,MONADNOCK CONSTRUCTION IN,RESIDENTIAL: APARTMENT HOUSES,4,8,Other Building Type,Residential,,,Y,BIS
40.65313,-73.87657,Brooklyn,NB,1. NB,321188139,3421890,32118813901NB02,NB,1082916.0,No,7317,5/3/2019,5/2/2020,402,SCHROEDERS AVENUE,305,MONADNOCK CONSTRUCTION IN,RESIDENTIAL: APARTMENT HOUSES,4,8,Other Building Type,Residential,,,Y,BIS
40.65335,-73.87721,Brooklyn,NB,1. NB,321188255,3421891,32118825501NB02,NB,1049172.0,No,7089,5/3/2019,5/2/2020,401,SCHROEDERS AVENUE,305,MONADNOCK CONSTRUCTION IN,RESIDENTIAL: APARTMENT HOUSES,4,8,Other Building Type,Residential,,,Y,BIS
40.6533,-73.87733,Brooklyn,NB,1. NB,321188120,3421892,32118812001NB02,NB,1076404.0,No,7273,5/3/2019,5/2/2020,389,SCHROEDERS AVENUE,305,MONADNOCK CONSTRUCTION IN,RESIDENTIAL: APARTMENT HOUSES,4,8,Other Building Type,Residential,,,Y,BIS
40.65559,-73.87326,Brooklyn,NB,1. NB,321188264,3421904,32118826401NB02,NB,1049172.0,No,7089,5/3/2019,5/2/2020,498,SCHROEDERS AVENUE,305,MONADNOCK CONSTRUCTION IN,RESIDENTIAL: APARTMENT HOUSES,4,8,Other Building Type,Residential,,,Y,BIS
40.65559,-73.87326,Brooklyn,NB,1. NB,321188246,3421905,32118824601NB02,NB,1049172.0,No,7089,3/26/2020,3/26/2021,500,SCHROEDERS AVENUE,305,MONADNOCK CONSTRUCTION IN,RESIDENTIAL: APARTMENT HOUSES,4,8,Other Building Type,Residential,,,Y,BIS
40.65559,-73.87326,Brooklyn,NB,1. NB,321188237,3421906,32118823701NB01,NB,1049172.0,No,7089,4/10/2019,4/9/2020,502,SCHROEDERS AVENUE,305,MONADNOCK CONSTRUCTION IN,RESIDENTIAL: APARTMENT HOUSES,4,8,Other Building Type,Residential,,,Y,BIS
40.65559,-73.87326,Brooklyn,NB,1. NB,321188157,3421907,32118815701NB02,NB,1403188.0,No,9481,3/26/2020,3/26/2021,504,SCHROEDERS AVENUE,305,MONADNOCK CONSTRUCTION IN,RESIDENTIAL: APARTMENT HOUSES,4,8,Other Building Type,Residential,,,Y,BIS
40.65559,-73.87326,Brooklyn,NB,1. NB,321188905,3421908,32118890501NB02,NB,1.1097632E7,No,74984,5/3/2019,5/2/2020,516,SCHROEDERS AVENUE,305,MONADNOCK CONSTRUCTION IN,BUSINESS,7,80,Other Building Type,Commercial,,,Y,BIS
40.65559,-73.87326,Brooklyn,NB,1. NB,321188273,3421909,32118827301NB02,NB,1082916.0,No,7317,3/26/2020,3/26/2021,1111,ASHFORD STREET,305,MONADNOCK CONSTRUCTION IN,RESIDENTIAL: APARTMENT HOUSES,4,8,Other Building Type,Residential,,,Y,BIS
40.65559,-73.87326,Brooklyn,NB,1. NB,321188200,3421919,32118820001NB01,NB,1076404.0,No,7273,4/10/2019,4/10/2020,1123,ASHFORD STREET,305,MONADNOCK CONSTRUCTION IN,RESIDENTIAL: APARTMENT HOUSES,4,8,Other Building Type,Residential,,,Y,BIS
40.65559,-73.87326,Brooklyn,NB,1. NB,321188193,3421920,32118819301NB02,NB,1049172.0,No,7089,3/26/2020,3/26/2021,1121,ASHFORD STREET,305,MONADNOCK CONSTRUCTION IN,RESIDENTIAL: APARTMENT HOUSES,4,8,Other Building Type,Residential,,,Y,BIS
40.65559,-73.87326,Brooklyn,NB,1. NB,321188184,3421921,32118818401NB02,NB,1049172.0,No,7089,3/27/2020,3/27/2021,1119,ASHFORD STREET,305,MONADNOCK CONSTRUCTION IN,RESIDENTIAL: APARTMENT HOUSES,4,8,Other Building Type,Residential,,,Y,BIS
40.65559,-73.87326,Brooklyn,NB,1. NB,321188442,3421922,32118844201NB02,NB,1049172.0,No,7089,3/27/2020,3/27/2021,1117,ASHFORD STREET,305,MONADNOCK CONSTRUCTION IN,RESIDENTIAL: APARTMENT HOUSES,4,8,Other Building Type,Residential,,,Y,BIS
40.65559,-73.87326,Brooklyn,NB,1. NB,321188175,3421923,32118817501NB02,NB,1049172.0,No,7089,3/26/2020,3/26/2021,1115,ASHFORD STREET,305,MONADNOCK CONSTRUCTION IN,RESIDENTIAL: APARTMENT HOUSES,4,8,Other Building Type,Residential,,,Y,BIS
40.65559,-73.87326,Brooklyn,NB,1. NB,321188503,3421924,32118850301NB02,NB,1049172.0,No,7089,3/26/2020,3/26/2021,1113,ASHFORD STREET,305,MONADNOCK CONSTRUCTION IN,RESIDENTIAL: APARTMENT HOUSES,4,8,Other Building Type,Residential,,,Y,BIS
40.67108,-73.91455,Brooklyn,NB,1. NB,321192302,3421942,32119230201NB04,NB,1537128.0,No,10386,12/11/2019,5/31/2020,416,THOMAS S. BOYLAND STREET,316,FG-PH CORP,RESIDENTIAL: APARTMENT HOUSES,4,8,Other Building Type,Residential,,,Y,BIS
40.6713,-73.91459,Brooklyn,NB,1. NB,321192348,3421943,32119234801NB04,NB,3367592.0,No,22754,11/8/2019,5/3/2020,1900,PARK PLACE,316,FG-PH CORP,RESIDENTIAL: APARTMENT HOUSES,4,17,Other Building Type,Residential,,,Y,BIS
40.73209,-73.96092,Brooklyn,NB,1. NB,310247042,3422087,31024704201NB08,NB,8.08968E7,No,546600,11/19/2019,5/24/2020,10,HURON STREET,301,NOBLE CONSTRUCTION GR LLC,RESIDENTIAL: APARTMENT HOUSES,39,500,Other Building Type,Residential,,388736,Y,BIS
40.57431,-73.98727,Brooklyn,NB,1. NB,321185695,3423863,32118569501NB06,NB,1.7573964E7,No,118743,7/22/2019,7/21/2020,3003,WEST 21 STREET,313,SURF AVENUE CONSTRUCTION,RESIDENTIAL: APARTMENT HOUSES,9,135,Other Building Type,Residential,,388658,Y,BIS
40.68832,-73.98018,Brooklyn,NB,1. NB,320913703,3424472,32091370301NB14,NB,2.5499068E7,No,172291,1/22/2020,7/15/2020,1,FLATBUSH AVENUE,302,INSIDESQUAD INC,RESIDENTIAL: APARTMENT HOUSES,19,183,Other Building Type,Residential,,388280,Y,BIS
40.68879,-73.98152,Brooklyn,NB,1. NB,321185828,3424477,32118582801NB03,NB,5.7072796E7,No,385627,4/9/2019,5/9/2020,540,FULTON STREET,302,PAV-LAK CONTRACTING INC,BUSINESS,43,327,Other Building Type,Commercial,,,Y,BIS
40.69384,-73.97791,Brooklyn,NB,1. NB,321186541,3424494,32118654101NB04,NB,1.906092E7,No,128790,5/15/2019,5/14/2020,112,ST EDWARDS STREET,302,INGERSOLL BUILDERS LLC,RESIDENTIAL: APARTMENT HOUSES,18,146,Other Building Type,Residential,,,Y,BIS
40.66896,-73.88717,Brooklyn,NB,1. NB,321195700,3424498,32119570001NB03,NB,380804.0,No,2573,12/20/2019,12/19/2020,848,BLAKE AVENUE,305,HERITAGE V LLC,RESIDENTIAL: 1 & 2 FAMILY HOUSES,3,2,123 Family,Residential,,,Y,BIS
40.66896,-73.88722,Brooklyn,NB,1. NB,321195719,3424499,32119571901NB03,NB,380804.0,No,2573,12/20/2019,12/19/2020,846,BLAKE AVENUE,305,HERITAGE V LLC,RESIDENTIAL: 1 & 2 FAMILY HOUSES,3,2,123 Family,Residential,,,Y,BIS
40.66482,-73.90455,Brooklyn,NB,1. NB,321186729,3424502,32118672901NB02,NB,3.0731904E7,No,207648,2/28/2020,6/29/2020,405,DUMONT AVE,316,MEGA CONTRACTING GP LLC,RESIDENTIAL: APARTMENT HOUSES,12,180,Other Building Type,Residential,,,Y,BIS
40.69324,-73.98219,BROOKLYN,A2,3. A2,B00329957-I1,3424517,B00329957-I1-EW-SD,A2,10000.0,,200,3/19/2020,4/1/2020,86,FLEET PLACE,302,ICOR ASSOCIATES,0,,,,DOB NOW,,,,DOB NOW
40.65593,-73.86779,Brooklyn,NB,1. NB,321193301,3424570,32119330101NB07,NB,1.9445128E7,No,131386,11/12/2019,11/8/2020,881,ERSKINE STREET,305,CHATEAU GC LLC,RESIDENTIAL: APARTMENT HOUSES,9,144,Other Building Type,Residential,,,Y,BIS
40.6578,-73.86777,Brooklyn,NB,1. NB,321193178,3424571,32119317801NB07,NB,1.0208892E7,No,68979,11/12/2019,11/8/2020,702,VANDALIA AVENUE,305,CHATEAU GC LLC,RESIDENTIAL: APARTMENT HOUSES,9,65,Other Building Type,Residential,,,Y,BIS
40.65654,-73.90394,Brooklyn,NB,1. NB,321184302,3424614,32118430201NB06,NB,6339284.0,No,42833,3/24/2020,9/1/2020,214,HEGEMAN AVENUE,316,GALAXY G.C. GROUP; LLC,RESIDENTIAL: APARTMENT HOUSES,8,71,Other Building Type,Residential,,,Y,BIS
40.71473,-73.95922,Brooklyn,NB,1. NB,321193766,3424751,32119376601NB02,NB,3950120.0,No,26690,5/1/2019,4/30/2020,658,DRIGGS AVENUE,301,FOREMOST CONTRACTING & BU,RESIDENTIAL: APARTMENT HOUSES,5,20,Other Building Type,Residential,,,Y,BIS
40.71595,-73.96661,Brooklyn,NB,1. NB,320916407,3425049,32091640701NB10,NB,7.1280208E7,No,481623,12/24/2019,12/23/2020,266,KENT AVE,301,260 KENT CONSTRUCTION LLC,RESIDENTIAL: APARTMENT HOUSES,42,332,Other Building Type,Residential,,388896,Y,BIS
40.67004,-73.85869,Brooklyn,NB,1. NB,321191198,3425088,32119119801NB03,NB,3.688826E7,No,249245,2/18/2020,2/17/2021,2858,LINDEN BLVD,305,REAL BUILDERS INC,RESIDENTIAL: APARTMENT HOUSES,12,235,Other Building Type,Residential,,,Y,BIS
40.67061,-73.95466,Brooklyn,NB,1. NB,320622787,3425089,32062278701NB13,NB,3.0031864E7,No,202918,7/5/2019,7/3/2020,1535,BEDFORD AVENUE,308,DANYA CEBUS CONSTRUCTION,RESIDENTIAL: APARTMENT HOUSES,11,186,Other Building Type,Residential,,388397,Y,BIS
40.67739,-73.95321,Brooklyn,NB,1. NB,321188317,3425093,32118831701NB04,NB,1.3122272E7,No,88664,2/11/2020,6/14/2020,1336,BEDFORD AVENUE,308,BEDFORD ARMS CONSTRUCTION,RESIDENTIAL: APARTMENT HOUSES,9,94,Other Building Type,Residential,,,Y,BIS
40.67801,-73.88333,Brooklyn,NB,1. NB,321193944,3425163,32119394401NB06,NB,1.5519428E7,No,104861,3/16/2020,3/16/2021,315,LINWOOD STREET,305,L & M BUILDERS GROUP LLC,RESIDENTIAL: APARTMENT HOUSES,10,100,Other Building Type,Residential,,,Y,BIS
40.66633,-73.99163,Brooklyn,NB,1. NB,321238264,3425443,32123826401NB12,NB,1.6778908E7,No,113371,3/30/2020,4/22/2020,541,4 AVENUE,307,SD BUILDERS AND CONSTRUCT,RESIDENTIAL: APARTMENT HOUSES,11,134,Other Building Type,Residential,,,Y,BIS
40.73256,-73.95504,BROOKLYN,A2,3. A2,B00253804-I1,3425610,B00253804-I1-PL,A2,19200.0,,15640,11/25/2019,5/18/2020,977,MANHATTAN AVENUE,301,MEHANDES ENGINEERING,0,,,,DOB NOW,,,,DOB NOW
40.72712,-73.95882,Brooklyn,NB,1. NB,321231412,3425624,32123141201NB09,NB,4.412916E7,No,298170,1/30/2020,7/5/2020,29,WEST STREET,301,NINTH AVE CONSTRUCTION GR,BUSINESS,14,216,Other Building Type,Commercial,,,Y,BIS
40.68107,-73.96252,Brooklyn,NB,1. NB,320909727,3425745,32090972701NB06,NB,1.0615892E7,No,71729,12/3/2019,11/30/2020,909,ATLANTIC AVENUE,302,BRUNO FRUSTACI CONTRACTIN,RESIDENTIAL: APARTMENT HOUSES,9,78,Other Building Type,Residential,,,Y,BIS
40.68687,-73.95493,Brooklyn,NB,1. NB,321195318,3425776,32119531801NB03,NB,4248636.0,No,28707,11/27/2019,9/11/2020,1104,BEDFORD AVENUE,303,JACOBS DEVELOPMENT CORPOR,RESIDENTIAL: APARTMENT HOUSES,7,32,Other Building Type,Residential,,,Y,BIS
40.65599,-73.86378,Brooklyn,NB,1. NB,320910813,3425799,32091081301NB06,NB,7.3047024E7,No,493561,11/12/2019,11/8/2020,894,FOUNTAIN AVENUE,305,CHATEAU GC LLC,RESIDENTIAL: APARTMENT HOUSES,9,422,Other Building Type,Residential,,,Y,BIS
40.69565,-73.94389,Brooklyn,NB,1. NB,320984208,3425801,32098420801NB08,NB,2.7482416E7,No,185692,10/30/2019,5/19/2020,948,MYRTLE AVE,303,YS DEVELOPERS LLC,RESIDENTIAL: APARTMENT HOUSES,9,101,Other Building Type,Residential,,,Y,BIS
40.72044,-73.94749,Brooklyn,NB,1. NB,320909772,3425854,32090977201NB05,NB,1.7011564E7,No,114943,12/6/2019,5/23/2020,12,ECKFORD ST,301,470 MANHATTAN CON LLC,RESIDENTIAL: APARTMENT HOUSES,8,101,Other Building Type,Residential,,,Y,BIS
40.71095,-73.95445,Brooklyn,NB,1. NB,320613494,3425954,32061349401NB07,NB,1.9176804E7,No,129573,5/23/2019,5/26/2020,125,BORINQUEN PLACE,301,SUNSHINE CONSTR USA INC,RESIDENTIAL: APARTMENT HOUSES,7,125,Other Building Type,Residential,,388411,Y,BIS
40.69108,-73.98879,BROOKLYN,A2,3. A2,B00272601-I1,3425971,B00272601-I1-FN,A2,1000.0,,100,1/7/2020,6/26/2020,415,RED HOOK LANE,302,COLBERG ARCHITECTURE,0,,,,DOB NOW,,,,DOB NOW
40.69574,-73.94787,Brooklyn,NB,1. NB,321042616,3426037,32104261601NB07,NB,1.2036692E7,No,81329,5/23/2019,5/22/2020,869,MYRTLE AVE,303,EMPIRE ID CONSTRUCTION,RESIDENTIAL: APARTMENT HOUSES,8,59,Other Building Type,Residential,,,Y,BIS
40.73217,-73.96005,Brooklyn,NB,1. NB,310234207,3426061,31023420701NB09,NB,2.5216536E7,No,170382,5/23/2019,5/24/2020,19,INDIA STREET,301,NOBLE CONSTRUCTION GR LLC,RESIDENTIAL: APARTMENT HOUSES,6,140,Other Building Type,Residential,,388105,Y,BIS
40.65516,-73.94861,Brooklyn,NB,1. NB,320908764,3426069,32090876401NB04,NB,3.3641436E7,No,227307,7/3/2019,4/21/2020,350,CLARKSON AVENUE,317,MCALPINE CONTRACTING CO,RESIDENTIAL: APARTMENT HOUSES,8,250,Other Building Type,Residential,,,Y,BIS
40.72001,-73.94628,Brooklyn,NB,1. NB,321644538,3426087,32164453801NB01,NB,7543856.0,No,50972,11/19/2019,11/18/2020,150,BAYARD ST,301,HEARTFELT TOWNHOUSE BUILD,RESIDENTIAL: APARTMENT HOUSES,6,46,Other Building Type,Residential,,,Y,BIS
40.66146,-73.91788,Brooklyn,NB,1. NB,320910617,3426172,32091061701NB03,NB,1.7099624E7,No,115538,9/27/2019,9/26/2020,7,LIVONIA AVENUE,3,MEGA CONTRACTING GP LLC,RESIDENTIAL: APARTMENT HOUSES,8,126,Other Building Type,Residential,,,Y,BIS
40.57573,-73.98624,Brooklyn,NB,1. NB,320911689,3426189,32091168901NB08,NB,7.7127984E7,No,521135,3/12/2020,3/12/2021,2926,WEST 19TH STREET,313,L & M BUILDERS GROUP LLC,RESIDENTIAL: APARTMENT HOUSES,16,446,Other Building Type,Residential,,,Y,BIS
40.6814,-73.87556,Brooklyn,NB,1. NB,321384177,3426244,32138417701NB01,NB,4.5206452E7,No,305449,1/29/2020,11/19/2020,110,DINSMORE PLACE,305,LETTIRE CONSTRUCTION CORP,RESIDENTIAL: APARTMENT HOUSES,14,275,Other Building Type,Residential,,,Y,BIS
40.71243,-73.95223,BROOKLYN,A2,3. A2,B00257674-I1,3426260,B00257674-I1-MS,A2,12000.0,,1200,1/17/2020,10/7/2020,66,AINSLIE STREET,301,DESIGN GROUP IN H&K LLC,0,,,,DOB NOW,,,,DOB NOW
40.70818,-73.94738,Brooklyn,NB,1. NB,321383579,3426365,32138357901NB03,NB,8258696.0,No,55802,12/13/2019,11/8/2020,64,SCHOLES STREET,301,CHATEAU GC LLC,RESIDENTIAL: APARTMENT HOUSES,8,65,Other Building Type,Residential,,,Y,BIS
40.69976,-73.93346,Brooklyn,NB,1. NB,320717140,3426367,32071714001NB06,NB,7.4917008E7,No,506196,11/1/2019,5/15/2020,123,MELROSE STREET,304,APARTMENT DEVELOPERS LLC,RESIDENTIAL: APARTMENT HOUSES,9,468,Other Building Type,Residential,,388635,Y,BIS
40.70121,-73.93575,BROOKLYN,A2,3. A2,B00254899-I1,3426398,B00254899-I1-ST,A2,30000.0,,471963,12/12/2019,7/7/2020,10,MONTIETH STREET,304,TITAN ENGINEERS,0,,,,DOB NOW,,,,DOB NOW
40.68349,-73.96846,Brooklyn,NB,1. NB,320597083,3426518,32059708301NB14,NB,5.803006E7,No,392095,2/4/2020,3/31/2020,810,FULTON STREET,302,BROADWAY CONSTRUCTION GRO,RESIDENTIAL: APARTMENT HOUSES,12,363,Other Building Type,Residential,,388602,Y,BIS
40.67539,-73.87959,Brooklyn,NB,1. NB,321635637,3426568,32163563701NB04,NB,1.0583184E7,No,71508,3/11/2020,9/22/2020,820,GLENMORE AVENUE,305,SUNSHINE CONSTR USA INC,RESIDENTIAL: APARTMENT HOUSES,8,77,Other Building Type,Residential,,,Y,BIS
40.67941,-73.93619,Brooklyn,NB,1. NB,321191214,3426584,32119121401NB05,NB,1.5787456E7,No,106672,2/20/2020,2/19/2021,1620,FULTON ST,303,FULTON STREET BUILDERS,RESIDENTIAL: APARTMENT HOUSES,11,103,Other Building Type,Residential,,,Y,BIS
40.68342,-73.96763,BROOKLYN,A2,3. A2,B00285339-I1,3426625,B00285339-I1-MS,A2,276000.0,,3879,2/18/2020,6/24/2020,840,FULTON STREET,302,L & C ASSOCIATES,0,,,,DOB NOW,,,,DOB NOW
40.68239,-73.96077,Brooklyn,NB,1. NB,321385880,3426850,32138588001NB01,NB,8216664.0,No,55518,2/13/2020,12/16/2020,108,DOWNING STREET,302,TOUCHSTONE HOMES LLC,RESIDENTIAL: APARTMENT HOUSES,8,50,Other Building Type,Residential,,,Y,BIS
40.65821,-73.89844,Brooklyn,NB,1. NB,321190251,3428515,32119025101NB02,NB,574980.0,No,3885,4/9/2019,4/8/2020,668,SNEDIKER AVENUE,305,APEX BUILDING COMPANY INC,RESIDENTIAL: APARTMENT HOUSES,3,3,123 Family,Residential,,,Y,BIS
40.73492,-73.95468,Brooklyn,NB,1. NB,321211960,3428568,32121196001NB02,NB,1.4966796E7,No,101127,4/18/2019,4/17/2020,1056,MANHATTAN AVENUE,301,EMPIRE MANAGEMENT & CON*,RESIDENTIAL: APARTMENT HOUSES,7,90,Other Building Type,Residential,,,Y,BIS
40.67696,-73.89717,Brooklyn,NB,1. NB,321383702,3428706,32138370201NB02,NB,3.1288088E7,No,211406,1/31/2020,1/30/2021,50,PENNSYLVANIA AVE,305,MEGA CONTRACTING GP LLC,RESIDENTIAL: APARTMENT HOUSES,9,218,Other Building Type,Residential,,,Y,BIS
40.65996,-73.89525,Brooklyn,NB,1. NB,320909914,3804153,32090991401NB02,NB,595700.0,No,4025,12/11/2019,4/8/2020,650,ALABAMA AVENUE,305,APEX BUILDING COMPANY INC,RESIDENTIAL: APARTMENT HOUSES,3,3,123 Family,Residential,,,Y,BIS
40.68259,-73.9805,Brooklyn,NB,1. NB,301779396,3806286,30177939601NB12,NB,2836864.0,No,19168,4/3/2019,4/1/2020,346,BERGEN STREET,302,BUILDERS-R-US CONSTRUCTIO,RESIDENTIAL: APARTMENT HOUSES,6,24,Other Building Type,Residential,,,Y,BIS
40.67275,-73.90691,Brooklyn,NB,1. NB,320909843,3808795,32090984301NB02,NB,532208.0,No,3596,12/11/2019,4/8/2020,38,CHRISTOPHER AVENUE,316,APEX BUILDING COMPANY INC,RESIDENTIAL: APARTMENT HOUSES,3,3,123 Family,Residential,,,Y,BIS
40.67478,-73.91594,Brooklyn,NB,1. NB,320909889,3810678,32090988901NB02,NB,570688.0,No,3856,12/11/2019,4/8/2020,2164,DEAN STREET,316,APEX BUILDING COMPANY INC,RESIDENTIAL: APARTMENT HOUSES,3,3,123 Family,Residential,,,Y,BIS
40.71512,-73.95813,Brooklyn,NB,1. NB,321193427,3811206,32119342701NB02,NB,4551000.0,No,30750,5/1/2019,5/6/2020,625,DRIGGS AVENUE,301,FOREMOST CONTRACTING & BU,RESIDENTIAL: APARTMENT HOUSES,6,19,Other Building Type,Residential,,,Y,BIS
40.66817,-73.89944,Brooklyn,NB,1. NB,321185560,3818661,32118556001NB04,NB,492544.0,No,3328,1/30/2020,12/27/2020,285,HINSDALE STREET,305,HERITAGE V LLC,RESIDENTIAL: APARTMENT HOUSES,3,3,123 Family,Residential,,,Y,BIS
40.66812,-73.89942,Brooklyn,NB,1. NB,321185579,3818663,32118557901NB03,NB,465460.0,No,3145,1/30/2020,12/2/2020,287,HINSDALE STREET,305,HERITAGE V LLC,RESIDENTIAL: APARTMENT HOUSES,3,3,123 Family,Residential,,,Y,BIS
40.66801,-73.8994,Brooklyn,NB,1. NB,321185588,3818666,32118558801NB03,NB,484552.0,No,3274,12/20/2019,12/19/2020,291,HINSDALE STREET,305,HERITAGE V LLC,RESIDENTIAL: APARTMENT HOUSES,3,3,123 Family,Residential,,,Y,BIS
40.65892,-73.89767,Brooklyn,NB,1. NB,320909898,3818761,32090989801NB02,NB,609168.0,No,4116,4/9/2019,4/8/2020,642,HINSDALE STREET,305,APEX BUILDING COMPANY INC,RESIDENTIAL: APARTMENT HOUSES,3,3,123 Family,Residential,,,Y,BIS
40.6586,-73.897,Brooklyn,NB,1. NB,321190091,3818766,32119009101NB02,NB,574980.0,No,3885,4/9/2019,4/8/2020,655,HINSDALE STREET,305,APEX BUILDING COMPANY INC,RESIDENTIAL: APARTMENT HOUSES,3,3,123 Family,Residential,,,Y,BIS
40.67737,-73.92152,Brooklyn,NB,1. NB,320911340,3825231,32091134001NB03,NB,3504640.0,No,23680,2/27/2020,2/26/2021,343,RALPH AVE,303,KEY DEVELOPERS INC,RESIDENTIAL: APARTMENT HOUSES,8,20,Other Building Type,Residential,,,Y,BIS
40.67241,-73.90722,Brooklyn,NB,1. NB,320909825,3828001,32090982501NB02,NB,592296.0,No,4002,12/11/2019,4/8/2020,281,MOTHER GASTON BOULEVARD,316,APEX BUILDING COMPANY INC,RESIDENTIAL: APARTMENT HOUSES,3,3,123 Family,Residential,,,Y,BIS
40.65995,-73.89943,Brooklyn,NB,1. NB,321197307,3829837,32119730701NB06,NB,2.2256388E7,No,150381,11/22/2019,5/15/2020,679,VAN SINDEREN AVENUE,305,MACQUESTEN CONS. MNGMT*,RESIDENTIAL: APARTMENT HOUSES,7,102,Other Building Type,Residential,,,Y,BIS
40.73199,-73.95933,Brooklyn,NB,1. NB,320909479,3830946,32090947901NB09,NB,3154028.0,No,21311,3/14/2020,5/18/2020,144,WEST STREET,301,BARONE MANAGEMENT LLC,RESIDENTIAL: APARTMENT HOUSES,7,22,Other Building Type,Residential,,,Y,BIS
40.67458,-73.91772,Brooklyn,NB,1. NB,320909852,3833650,32090985201NB02,NB,570688.0,No,3856,12/11/2019,4/8/2020,1915,BERGEN STREET,316,APEX BUILDING COMPANY INC,RESIDENTIAL: APARTMENT HOUSES,3,3,123 Family,Residential,,,Y,BIS
40.67476,-73.91553,Brooklyn,NB,1. NB,320909870,3836272,32090987001NB02,NB,536500.0,No,3625,12/11/2019,4/8/2020,2178,DEAN STREET,316,APEX BUILDING COMPANY INC,RESIDENTIAL: APARTMENT HOUSES,3,3,123 Family,Residential,,,Y,BIS
40.66929,-73.88284,Brooklyn,NB,1. NB,321185542,3843933,32118554201NB03,NB,394420.0,No,2665,12/20/2019,12/19/2020,617,CLEVELAND STREET,305,HERITAGE V LLC,RESIDENTIAL: 1 & 2 FAMILY HOUSES,3,2,123 Family,Residential,,,Y,BIS
40.67203,-73.90712,Brooklyn,NB,1. NB,320909816,3844843,32090981601NB02,NB,507048.0,No,3426,12/11/2019,4/8/2020,299,MOTHER GASTON BOULEVARD,316,APEX BUILDING COMPANY INC,RESIDENTIAL: APARTMENT HOUSES,3,3,123 Family,Residential,,,Y,BIS
40.67082,-73.88206,Brooklyn,NB,1. NB,321195782,3848437,32119578201NB03,NB,338180.0,No,2285,12/20/2019,12/19/2020,586,LINWOOD STREET,305,HERITAGE V LLC,RESIDENTIAL: 1 & 2 FAMILY HOUSES,3,2,123 Family,Residential,,,Y,BIS
40.67799,-73.87359,Brooklyn,NB,1. NB,321646215,3855064,32164621501NB02,NB,5415912.0,No,36594,7/8/2019,7/7/2020,975,LIBERTY AVENUE,305,MARCO PROPERTIES I CORP,RESIDENTIAL: APARTMENT HOUSES,7,41,Other Building Type,Residential,,,Y,BIS
40.67344,-73.91277,Brooklyn,NB,1. NB,320909861,3855970,32090986101NB02,NB,622044.0,No,4203,12/11/2019,4/8/2020,1633,SAINT MARKS AVENUE,316,APEX BUILDING COMPANY INC,RESIDENTIAL: APARTMENT HOUSES,3,3,123 Family,Residential,,,Y,BIS
40.69283,-74.00069,Brooklyn,NB,1. NB,321189003,3858777,32118900301NB06,NB,4.3261288E7,No,292306,9/4/2019,9/3/2020,50,BRIDGE PARK DRIVE,302,SUFFOLK CONSTRUCTION COMP,RESIDENTIAL: APARTMENT HOUSES,30,122,Other Building Type,Residential,,,Y,BIS
40.70663,-73.7998,Queens,NB,1. NB,420664347,4208989,42066434701NB02,NB,7061820.0,No,47715,1/31/2020,1/30/2021,161-01,89 AVENUE,412,RACANELLI CONSTRUCTION CO,RESIDENTIAL: APARTMENT HOUSES,8,70,Other Building Type,Residential,,401211,Y,BIS
40.70545,-73.80476,Queens,A1,2. A1,420652582,4438669,42065258201AL13,A1,5.9788904E7,Yes,,11/1/2019,6/10/2020,152-11,89 AVENUE,412,NY DEVELOPERS & MANAGEMEN,RESIDENTIAL: APARTMENT HOUSES,17,481,Other Building Type,Residential,,433354,Y,BIS
40.71753,-73.80759,Queens,A1,2. A1,420664310,4442434,42066431001AL04,A1,4.3E7,No,,11/6/2019,11/5/2020,82-41,PARSONS BLVD,408,MEGA CONTRACTING GP LLC,RESIDENTIAL: APARTMENT HOUSES,10,200,Other Building Type,Residential,,,Y,BIS
40.74474,-73.94551,Queens,NB,1. NB,420651912,4596913,42065191201NB13,NB,1.79062832E8,No,1209884,5/16/2019,5/15/2020,22-44,JACKSON AVENUE,402,G & M REALTY L.P,RESIDENTIAL: APARTMENT HOUSES,48,1115,Other Building Type,Residential,,,Y,BIS
40.74804,-73.93789,QUEENS,A2,3. A2,Q00220756-I1,4596921,Q00220756-I1-EW-SP,A2,31200.0,,2329,12/6/2019,4/17/2020,28-30,JACKSON AVENUE,402,DJM CONSULTING ENGINEERING,0,,,,DOB NOW,,,,DOB NOW
40.74434,-73.92539,Queens,NB,1. NB,421576299,4605192,42157629901NB01,NB,1.009064E7,No,68180,7/3/2019,7/2/2020,43-46,39TH PLACE,402,MANDARIN ENTPRSES II INC,RESIDENTIAL: APARTMENT HOUSES,8,48,Other Building Type,Residential,,,Y,BIS
40.70054,-73.80679,Queens,NB,1. NB,420654508,4607280,42065450801NB06,NB,8.9069952E7,No,601824,5/15/2019,5/14/2020,147-22,ARCHER AVENUE,412,CNY CONSTRUCTION LLC,RESIDENTIAL: APARTMENT HOUSES,30,539,Other Building Type,Residential,,,Y,BIS
40.70075,-73.80579,Queens,NB,1. NB,420654517,4607281,42065451701NB06,NB,2.535462E7,No,171315,3/3/2020,12/20/2020,148-10,ARCHER AVENUE,412,CNY CONSTRUCTION LLC,RESIDENTIAL: APARTMENT HOUSES,16,130,Other Building Type,Residential,,,Y,BIS
40.77462,-73.93378,Queens,NB,1. NB,421380268,4614896,42138026801NB02,NB,2.321824E7,No,156880,3/12/2020,3/1/2021,3-24,27TH AVENUE,401,CNY CONSTRUCTION LLC,RESIDENTIAL: APARTMENT HOUSES,14,163,Other Building Type,Residential,,,Y,BIS
40.77082,-73.92748,Queens,NB,1. NB,421365784,4617126,42136578401NB08,NB,8613600.0,No,58200,10/15/2019,9/26/2020,28-16,21ST STREET,401,FALCON PACIFIC BUILDERS,RESIDENTIAL: APARTMENT HOUSES,7,50,Other Building Type,Residential,,,Y,BIS
40.70559,-73.79166,Queens,NB,1. NB,420662303,4617186,42066230301NB03,NB,8.1719088E7,No,552156,11/8/2019,11/7/2020,92-23,168TH STREET,412,LETTIRE CONSTRUCTION CORP,RESIDENTIAL: APARTMENT HOUSES,23,387,Other Building Type,Residential,,,Y,BIS
40.59322,-73.77698,Queens,NB,1. NB,420662410,4617504,42066241001NB06,NB,1.7972084E7,No,121433,3/4/2020,4/1/2021,4519,ROCKAWAY BEACH BOULEVARD,414,L & M BUILDERS GROUP LLC,RESIDENTIAL: APARTMENT HOUSES,8,127,Other Building Type,Residential,,433428,Y,BIS
40.77649,-73.93518,Queens,NB,1. NB,421163877,4617681,42116387701NB11,NB,7.709512E7,No,520913,1/10/2020,4/30/2020,10,HALLETTS POINT,401,NEW LINE STRUCTURES & DEV,RESIDENTIAL: APARTMENT HOUSES,22,405,Other Building Type,Residential,,432851,Y,BIS
40.74679,-73.94174,QUEENS,A2,3. A2,Q00281269-I1,4617818,Q00281269-I1-MS,A2,26000.0,,700,1/4/2020,7/28/2020,27-19,44 DRIVE,402,TAN ENGINEERING; P.C.,0,,,,DOB NOW,,,,DOB NOW
40.60254,-73.75257,Queens,NB,1. NB,421562286,4617904,42156228601NB01,NB,2.30695E7,No,155875,1/30/2020,1/29/2021,19-38,CORNAGA AVENUE,414,REAL BUILDERS INC,RESIDENTIAL: APARTMENT HOUSES,10,173,Other Building Type,Residential,,,Y,BIS
40.60277,-73.75291,Queens,NB,1. NB,420666210,4617912,42066621001NB02,NB,1.4026996E7,No,94777,3/11/2020,3/11/2021,1018,BEACH 20TH STREET,414,REAL BUILDERS INC,RESIDENTIAL: APARTMENT HOUSES,10,80,Other Building Type,Residential,,,Y,BIS
40.74139,-73.96017,Queens,NB,1. NB,420663703,4617913,42066370301NB05,NB,6.0715372E7,No,410239,1/9/2020,1/9/2021,52-41,CENTER BOULEVARD,402,52-41 CENTER GC LLC,RESIDENTIAL: APARTMENT HOUSES,46,394,Other Building Type,Residential,,,Y,BIS
40.74192,-73.95956,Queens,NB,1. NB,420662802,4618318,42066280201NB03,NB,1.26620064E8,No,855541,11/14/2019,11/13/2020,52-03,CENTER BOULEVARD,402,52-03 CENTER GC LLC,RESIDENTIAL: APARTMENT HOUSES,56,800,Other Building Type,Residential,,,Y,BIS
40.69954,-73.80619,QUEENS,A2,3. A2,Q00320929-I1,4618544,Q00320929-I1-FN,A2,5000.0,,27334,3/4/2020,8/28/2020,147-25,94 AVENUE,412,STROH ENGINEERING SERVICES; P.C.,0,,,,DOB NOW,,,,DOB NOW
40.73696,-73.85073,QUEENS,A2,3. A2,Q00173784-I1,4618620,Q00173784-I1-FN,A2,1000.0,,110676,11/25/2019,9/10/2020,108-40,HORACE HARDING EXPRESSWAY,406,CURTIS + GINSBERG ARCHITECTS LLP,0,4,,Other,DOB NOW,,,,DOB NOW
40.70384,-73.80605,Queens,NB,1. NB,421556710,4618716,42155671001NB05,NB,1.4908632E7,No,100734,3/16/2020,4/11/2020,148-29,90TH AVENUE,412,ZHONG WANG CONSTRUCTION S,RESIDENTIAL: APARTMENT HOUSES,9,90,Other Building Type,Residential,,,Y,BIS
40.60656,-73.75094,Queens,NB,1. NB,421562268,4618927,42156226801NB03,NB,2.8608252E7,No,193299,3/6/2020,3/6/2021,19-15,NAMEOKE AVENUE,414,REAL BUILDERS INC,RESIDENTIAL: APARTMENT HOUSES,8,142,Other Building Type,Residential,,,Y,BIS
40.76964,-73.93384,QUEENS,A2,3. A2,Q00327129-I1,4619106,Q00327129-I1-SH,A2,1.0,,,3/6/2020,12/31/2020,11-37,31 AVENUE,401,KZ ENGINEERING; PC,0,,,,DOB NOW,,,,DOB NOW
40.7696,-73.93342,QUEENS,A2,3. A2,Q00327134-I1,4619107,Q00327134-I1-SH,A2,1.0,,,3/6/2020,12/31/2020,11-28,30 DRIVE,401,KZ ENGINEERING; PC,0,,,,DOB NOW,,,,DOB NOW
40.60154,-73.74863,Queens,NB,1. NB,420664739,4619442,42066473901NB02,NB,1.1107252E7,No,75049,8/13/2019,8/12/2020,1403,GATEWAY BLVD,414,MONADNOCK CONSTRUCTION IN,RESIDENTIAL: APARTMENT HOUSES,9,63,Other Building Type,Residential,,,Y,BIS
40.73729,-73.84976,Queens,NB,1. NB,420663865,4619474,42066386501NB01,NB,2.1896452E7,No,147949,1/23/2020,1/22/2021,108-60,HORACE HARDING EXPWY,406,MONADNOCK CONSTRUCTION IN,RESIDENTIAL: APARTMENT HOUSES,13,144,Other Building Type,Residential,,,Y,BIS
40.7369,-73.85137,Queens,NB,1. NB,420663847,4619475,42066384701NB04,NB,2.9399756E7,No,198647,1/8/2020,1/7/2021,62-11,108 STREET,406,MONADNOCK CONSTRUCTION IN,RESIDENTIAL: APARTMENT HOUSES,17,183,Other Building Type,Residential,,,Y,BIS
40.67575,-73.77802,Queens,NB,1. NB,420663776,4619700,42066377601NB06,NB,2.1578992E7,No,145804,2/21/2020,2/20/2021,161-11,132 AVENUE,412,MEGA CONTRACTING GP LLC,RESIDENTIAL: APARTMENT HOUSES,10,159,Other Building Type,Residential,,,Y,BIS
40.73666,-73.84894,Queens,NB,1. NB,420663838,4619735,42066383801NB02,NB,1.9519572E7,No,131889,11/12/2019,11/11/2020,108-75,62 DRIVE,4,MONADNOCK CONSTRUCTION IN,RESIDENTIAL: APARTMENT HOUSES,13,115,Other Building Type,Residential,,,Y,BIS
40.73929,-73.96117,Queens,NB,1. NB,420665346,4619856,42066534601NB01,NB,1.0540708E8,No,712210,1/16/2020,6/30/2020,1-15,57 AVENUE,402,GILBANE RESIDENTIAL CONST,RESIDENTIAL: APARTMENT HOUSES,57,689,Other Building Type,Residential,,,Y,BIS
40.73811,-73.96072,Queens,NB,1. NB,420665355,4619857,42066535501NB01,NB,5.5165668E7,No,372741,1/14/2020,6/30/2020,57-28,2ND STREET,402,GILBANE RESIDENTIAL CONST,RESIDENTIAL: APARTMENT HOUSES,33,443,Other Building Type,Residential,,,Y,BIS
40.60356,-73.75407,Queens,NB,1. NB,420666005,4622929,42066600501NB01,NB,3.7728752E7,No,254924,1/6/2020,9/27/2020,1047,BEACH 21 STREET,414,MEGA CONTRACTING GP LLC,RESIDENTIAL: APARTMENT HOUSES,10,224,Other Building Type,Residential,,,Y,BIS
40.70609,-73.79685,Queens,NB,1. NB,420657113,4623027,42065711301NB09,NB,3.162834E7,No,213705,9/26/2019,4/1/2020,89-46,164 STREET,412,BANTA HOMES CORP,RESIDENTIAL: APARTMENT HOUSES,12,174,Other Building Type,Residential,,,Y,BIS
40.76989,-73.93424,QUEENS,A2,3. A2,Q00327123-I1,4623158,Q00327123-I1-SH,A2,1.0,,,3/6/2020,12/31/2020,11-12,30 DRIVE,401,KZ ENGINEERING; PC,0,,,,DOB NOW,,,,DOB NOW
40.63576,-74.13447,Staten Island,NB,1. NB,510113128,5157667,51011312801NB01,NB,6268392.0,No,42354,3/26/2020,3/26/2021,221,PORT RICHMOND AVENUE,501,BROADWAY BUILDERS LLC,RESIDENTIAL: APARTMENT HOUSES,6,48,Other Building Type,Residential,,,Y,BIS
